cEE,cH2,cNG,cCO2,tech,elec_demand,fuel_demand,co2_capt,EI,Technology,,,,,,,,,,,,,,,,
10,10,10,75,Elec_CC,4.41,0,2,0.18,4,,,,tech no.,,,fuel,,,CC,,,EI,,,EL_demand
10,10,10,100,Elec_CC,4.41,0,2,0.18,4,,,NG_ORC,1,,NG_ORC,5.34,,NG_ORC,3,,NG_ORC,0.61,,NG_ORC,0.58
10,10,10,150,Elec_CC,4.41,0,2,0.18,4,,,NG_CC,1,,NG_CC,6.27,,NG_CC,2,,NG_CC,0.22,,NG_CC,1.07
10,10,10,200,Elec_CC,4.41,0,2,0.18,4,,,NGOxy_ORC,2,,NGOxy_ORC,4.23,,NGOxy_ORC,3,,NGOxy_ORC,0.54,,NGOxy_ORC,0.86
10,10,10,250,Elec_CC,4.41,0,2,0.18,4,,,NGOxy_ORC_CC,2,,NGOxy_ORC_CC,4.23,,NGOxy_ORC_CC,2,,NGOxy_ORC_CC,0.14,,NGOxy_ORC_CC,1.37
10,10,35,75,Elec_CC,4.41,0,2,0.18,4,,,Hyb_ORC,3,,Hyb_ORC,1.92,,Hyb_ORC,3,,Hyb_ORC,0.41,,Hyb_ORC,2.01
10,10,35,100,Elec_CC,4.41,0,2,0.18,4,,,Hyb_ORC_CC,3,,Hyb_ORC_CC,1.92,,Hyb_ORC_CC,2,,Hyb_ORC_CC,0.14,,Hyb_ORC_CC,2.37
10,10,35,150,Elec_CC,4.41,0,2,0.18,4,,,Elec,4,,Elec,0,,Elec,3,,Elec,0.36,,Elec,4.19
10,10,35,200,Elec_CC,4.41,0,2,0.18,4,,,Elec_CC,4,,Elec_CC,0,,Elec_CC,2,,Elec_CC,0.18,,Elec_CC,4.41
10,10,35,250,Elec_CC,4.41,0,2,0.18,4,,,H2_ORC,5,,H2_ORC,5.59,,H2_ORC,3,,H2_ORC,0.31,,H2_ORC,0.58
10,10,55,75,Elec_CC,4.41,0,2,0.18,4,,,H2_CC,5,,H2_CC,5.59,,H2_CC,2,,H2_CC,0.15,,H2_CC,0.9
10,10,55,100,Elec_CC,4.41,0,2,0.18,4,,,,,,,,,,,,,,,,
10,10,55,150,Elec_CC,4.41,0,2,0.18,4,,,,,,,,,,,,,,,,
10,10,55,200,Elec_CC,4.41,0,2,0.18,4,,,,,,,,,,,,,,,,
10,10,55,250,Elec_CC,4.41,0,2,0.18,4,,,,,,,,,,,,,,,,
10,10,75,75,Elec_CC,4.41,0,2,0.18,4,,,,,,,,,,,,,,,,
10,10,75,100,Elec_CC,4.41,0,2,0.18,4,,,,,,,,,,,,,,,,
10,10,75,150,Elec_CC,4.41,0,2,0.18,4,,,,,,,,,,,,,,,,
10,10,75,200,Elec_CC,4.41,0,2,0.18,4,,,,,,,,,,,,,,,,
10,10,75,250,Elec_CC,4.41,0,2,0.18,4,,,,,,,,,,,,,,,,
10,10,100,75,Elec_CC,4.41,0,2,0.18,4,,,,,,,,,,,,,,,,
10,10,100,100,Elec_CC,4.41,0,2,0.18,4,,,,,,,,,,,,,,,,
10,10,100,150,Elec_CC,4.41,0,2,0.18,4,,,,,,,,,,,,,,,,
10,10,100,200,Elec_CC,4.41,0,2,0.18,4,,,,,,,,,,,,,,,,
10,10,100,250,Elec_CC,4.41,0,2,0.18,4,,,,,,,,,,,,,,,,
10,25,10,75,Elec_CC,4.41,0,2,0.18,4,,,,,,,,,,,,,,,,
10,25,10,100,Elec_CC,4.41,0,2,0.18,4,,,,,,,,,,,,,,,,
10,25,10,150,Elec_CC,4.41,0,2,0.18,4,,,,,,,,,,,,,,,,
10,25,10,200,Elec_CC,4.41,0,2,0.18,4,,,,,,,,,,,,,,,,
10,25,10,250,Elec_CC,4.41,0,2,0.18,4,,,,,,,,,,,,,,,,
10,25,35,75,Elec_CC,4.41,0,2,0.18,4,,,,,,,,,,,,,,,,
10,25,35,100,Elec_CC,4.41,0,2,0.18,4,,,,,,,,,,,,,,,,
10,25,35,150,Elec_CC,4.41,0,2,0.18,4,,,,,,,,,,,,,,,,
10,25,35,200,Elec_CC,4.41,0,2,0.18,4,,,,,,,,,,,,,,,,
10,25,35,250,Elec_CC,4.41,0,2,0.18,4,,,,,,,,,,,,,,,,
10,25,55,75,Elec_CC,4.41,0,2,0.18,4,,,,,,,,,,,,,,,,
10,25,55,100,Elec_CC,4.41,0,2,0.18,4,,,,,,,,,,,,,,,,
10,25,55,150,Elec_CC,4.41,0,2,0.18,4,,,,,,,,,,,,,,,,
10,25,55,200,Elec_CC,4.41,0,2,0.18,4,,,,,,,,,,,,,,,,
10,25,55,250,Elec_CC,4.41,0,2,0.18,4,,,,,,,,,,,,,,,,
10,25,75,75,Elec_CC,4.41,0,2,0.18,4,,,,,,,,,,,,,,,,
10,25,75,100,Elec_CC,4.41,0,2,0.18,4,,,,,,,,,,,,,,,,
10,25,75,150,Elec_CC,4.41,0,2,0.18,4,,,,,,,,,,,,,,,,
10,25,75,200,Elec_CC,4.41,0,2,0.18,4,,,,,,,,,,,,,,,,
10,25,75,250,Elec_CC,4.41,0,2,0.18,4,,,,,,,,,,,,,,,,
10,25,100,75,Elec_CC,4.41,0,2,0.18,4,,,,,,,,,,,,,,,,
10,25,100,100,Elec_CC,4.41,0,2,0.18,4,,,,,,,,,,,,,,,,
10,25,100,150,Elec_CC,4.41,0,2,0.18,4,,,,,,,,,,,,,,,,
10,25,100,200,Elec_CC,4.41,0,2,0.18,4,,,,,,,,,,,,,,,,
10,25,100,250,Elec_CC,4.41,0,2,0.18,4,,,,,,,,,,,,,,,,
10,50,10,75,Elec_CC,4.41,0,2,0.18,4,,,,,,,,,,,,,,,,
10,50,10,100,Elec_CC,4.41,0,2,0.18,4,,,,,,,,,,,,,,,,
10,50,10,150,Elec_CC,4.41,0,2,0.18,4,,,,,,,,,,,,,,,,
10,50,10,200,Elec_CC,4.41,0,2,0.18,4,,,,,,,,,,,,,,,,
10,50,10,250,Elec_CC,4.41,0,2,0.18,4,,,,,,,,,,,,,,,,
10,50,35,75,Elec_CC,4.41,0,2,0.18,4,,,,,,,,,,,,,,,,
10,50,35,100,Elec_CC,4.41,0,2,0.18,4,,,,,,,,,,,,,,,,
10,50,35,150,Elec_CC,4.41,0,2,0.18,4,,,,,,,,,,,,,,,,
10,50,35,200,Elec_CC,4.41,0,2,0.18,4,,,,,,,,,,,,,,,,
10,50,35,250,Elec_CC,4.41,0,2,0.18,4,,,,,,,,,,,,,,,,
10,50,55,75,Elec_CC,4.41,0,2,0.18,4,,,,,,,,,,,,,,,,
10,50,55,100,Elec_CC,4.41,0,2,0.18,4,,,,,,,,,,,,,,,,
10,50,55,150,Elec_CC,4.41,0,2,0.18,4,,,,,,,,,,,,,,,,
10,50,55,200,Elec_CC,4.41,0,2,0.18,4,,,,,,,,,,,,,,,,
10,50,55,250,Elec_CC,4.41,0,2,0.18,4,,,,,,,,,,,,,,,,
10,50,75,75,Elec_CC,4.41,0,2,0.18,4,,,,,,,,,,,,,,,,
10,50,75,100,Elec_CC,4.41,0,2,0.18,4,,,,,,,,,,,,,,,,
10,50,75,150,Elec_CC,4.41,0,2,0.18,4,,,,,,,,,,,,,,,,
10,50,75,200,Elec_CC,4.41,0,2,0.18,4,,,,,,,,,,,,,,,,
10,50,75,250,Elec_CC,4.41,0,2,0.18,4,,,,,,,,,,,,,,,,
10,50,100,75,Elec_CC,4.41,0,2,0.18,4,,,,,,,,,,,,,,,,
10,50,100,100,Elec_CC,4.41,0,2,0.18,4,,,,,,,,,,,,,,,,
10,50,100,150,Elec_CC,4.41,0,2,0.18,4,,,,,,,,,,,,,,,,
10,50,100,200,Elec_CC,4.41,0,2,0.18,4,,,,,,,,,,,,,,,,
10,50,100,250,Elec_CC,4.41,0,2,0.18,4,,,,,,,,,,,,,,,,
10,75,10,75,Elec_CC,4.41,0,2,0.18,4,,,,,,,,,,,,,,,,
10,75,10,100,Elec_CC,4.41,0,2,0.18,4,,,,,,,,,,,,,,,,
10,75,10,150,Elec_CC,4.41,0,2,0.18,4,,,,,,,,,,,,,,,,
10,75,10,200,Elec_CC,4.41,0,2,0.18,4,,,,,,,,,,,,,,,,
10,75,10,250,Elec_CC,4.41,0,2,0.18,4,,,,,,,,,,,,,,,,
10,75,35,75,Elec_CC,4.41,0,2,0.18,4,,,,,,,,,,,,,,,,
10,75,35,100,Elec_CC,4.41,0,2,0.18,4,,,,,,,,,,,,,,,,
10,75,35,150,Elec_CC,4.41,0,2,0.18,4,,,,,,,,,,,,,,,,
10,75,35,200,Elec_CC,4.41,0,2,0.18,4,,,,,,,,,,,,,,,,
10,75,35,250,Elec_CC,4.41,0,2,0.18,4,,,,,,,,,,,,,,,,
10,75,55,75,Elec_CC,4.41,0,2,0.18,4,,,,,,,,,,,,,,,,
10,75,55,100,Elec_CC,4.41,0,2,0.18,4,,,,,,,,,,,,,,,,
10,75,55,150,Elec_CC,4.41,0,2,0.18,4,,,,,,,,,,,,,,,,
10,75,55,200,Elec_CC,4.41,0,2,0.18,4,,,,,,,,,,,,,,,,
10,75,55,250,Elec_CC,4.41,0,2,0.18,4,,,,,,,,,,,,,,,,
10,75,75,75,Elec_CC,4.41,0,2,0.18,4,,,,,,,,,,,,,,,,
10,75,75,100,Elec_CC,4.41,0,2,0.18,4,,,,,,,,,,,,,,,,
10,75,75,150,Elec_CC,4.41,0,2,0.18,4,,,,,,,,,,,,,,,,
10,75,75,200,Elec_CC,4.41,0,2,0.18,4,,,,,,,,,,,,,,,,
10,75,75,250,Elec_CC,4.41,0,2,0.18,4,,,,,,,,,,,,,,,,
10,75,100,75,Elec_CC,4.41,0,2,0.18,4,,,,,,,,,,,,,,,,
10,75,100,100,Elec_CC,4.41,0,2,0.18,4,,,,,,,,,,,,,,,,
10,75,100,150,Elec_CC,4.41,0,2,0.18,4,,,,,,,,,,,,,,,,
10,75,100,200,Elec_CC,4.41,0,2,0.18,4,,,,,,,,,,,,,,,,
10,75,100,250,Elec_CC,4.41,0,2,0.18,4,,,,,,,,,,,,,,,,
10,100,10,75,Elec_CC,4.41,0,2,0.18,4,,,,,,,,,,,,,,,,
10,100,10,100,Elec_CC,4.41,0,2,0.18,4,,,,,,,,,,,,,,,,
10,100,10,150,Elec_CC,4.41,0,2,0.18,4,,,,,,,,,,,,,,,,
10,100,10,200,Elec_CC,4.41,0,2,0.18,4,,,,,,,,,,,,,,,,
10,100,10,250,Elec_CC,4.41,0,2,0.18,4,,,,,,,,,,,,,,,,
10,100,35,75,Elec_CC,4.41,0,2,0.18,4,,,,,,,,,,,,,,,,
10,100,35,100,Elec_CC,4.41,0,2,0.18,4,,,,,,,,,,,,,,,,
10,100,35,150,Elec_CC,4.41,0,2,0.18,4,,,,,,,,,,,,,,,,
10,100,35,200,Elec_CC,4.41,0,2,0.18,4,,,,,,,,,,,,,,,,
10,100,35,250,Elec_CC,4.41,0,2,0.18,4,,,,,,,,,,,,,,,,
10,100,55,75,Elec_CC,4.41,0,2,0.18,4,,,,,,,,,,,,,,,,
10,100,55,100,Elec_CC,4.41,0,2,0.18,4,,,,,,,,,,,,,,,,
10,100,55,150,Elec_CC,4.41,0,2,0.18,4,,,,,,,,,,,,,,,,
10,100,55,200,Elec_CC,4.41,0,2,0.18,4,,,,,,,,,,,,,,,,
10,100,55,250,Elec_CC,4.41,0,2,0.18,4,,,,,,,,,,,,,,,,
10,100,75,75,Elec_CC,4.41,0,2,0.18,4,,,,,,,,,,,,,,,,
10,100,75,100,Elec_CC,4.41,0,2,0.18,4,,,,,,,,,,,,,,,,
10,100,75,150,Elec_CC,4.41,0,2,0.18,4,,,,,,,,,,,,,,,,
10,100,75,200,Elec_CC,4.41,0,2,0.18,4,,,,,,,,,,,,,,,,
10,100,75,250,Elec_CC,4.41,0,2,0.18,4,,,,,,,,,,,,,,,,
10,100,100,75,Elec_CC,4.41,0,2,0.18,4,,,,,,,,,,,,,,,,
10,100,100,100,Elec_CC,4.41,0,2,0.18,4,,,,,,,,,,,,,,,,
10,100,100,150,Elec_CC,4.41,0,2,0.18,4,,,,,,,,,,,,,,,,
10,100,100,200,Elec_CC,4.41,0,2,0.18,4,,,,,,,,,,,,,,,,
10,100,100,250,Elec_CC,4.41,0,2,0.18,4,,,,,,,,,,,,,,,,
10,150,10,75,Elec_CC,4.41,0,2,0.18,4,,,,,,,,,,,,,,,,
10,150,10,100,Elec_CC,4.41,0,2,0.18,4,,,,,,,,,,,,,,,,
10,150,10,150,Elec_CC,4.41,0,2,0.18,4,,,,,,,,,,,,,,,,
10,150,10,200,Elec_CC,4.41,0,2,0.18,4,,,,,,,,,,,,,,,,
10,150,10,250,Elec_CC,4.41,0,2,0.18,4,,,,,,,,,,,,,,,,
10,150,35,75,Elec_CC,4.41,0,2,0.18,4,,,,,,,,,,,,,,,,
10,150,35,100,Elec_CC,4.41,0,2,0.18,4,,,,,,,,,,,,,,,,
10,150,35,150,Elec_CC,4.41,0,2,0.18,4,,,,,,,,,,,,,,,,
10,150,35,200,Elec_CC,4.41,0,2,0.18,4,,,,,,,,,,,,,,,,
10,150,35,250,Elec_CC,4.41,0,2,0.18,4,,,,,,,,,,,,,,,,
10,150,55,75,Elec_CC,4.41,0,2,0.18,4,,,,,,,,,,,,,,,,
10,150,55,100,Elec_CC,4.41,0,2,0.18,4,,,,,,,,,,,,,,,,
10,150,55,150,Elec_CC,4.41,0,2,0.18,4,,,,,,,,,,,,,,,,
10,150,55,200,Elec_CC,4.41,0,2,0.18,4,,,,,,,,,,,,,,,,
10,150,55,250,Elec_CC,4.41,0,2,0.18,4,,,,,,,,,,,,,,,,
10,150,75,75,Elec_CC,4.41,0,2,0.18,4,,,,,,,,,,,,,,,,
10,150,75,100,Elec_CC,4.41,0,2,0.18,4,,,,,,,,,,,,,,,,
10,150,75,150,Elec_CC,4.41,0,2,0.18,4,,,,,,,,,,,,,,,,
10,150,75,200,Elec_CC,4.41,0,2,0.18,4,,,,,,,,,,,,,,,,
10,150,75,250,Elec_CC,4.41,0,2,0.18,4,,,,,,,,,,,,,,,,
10,150,100,75,Elec_CC,4.41,0,2,0.18,4,,,,,,,,,,,,,,,,
10,150,100,100,Elec_CC,4.41,0,2,0.18,4,,,,,,,,,,,,,,,,
10,150,100,150,Elec_CC,4.41,0,2,0.18,4,,,,,,,,,,,,,,,,
10,150,100,200,Elec_CC,4.41,0,2,0.18,4,,,,,,,,,,,,,,,,
10,150,100,250,Elec_CC,4.41,0,2,0.18,4,,,,,,,,,,,,,,,,
10,200,10,75,Elec_CC,4.41,0,2,0.18,4,,,,,,,,,,,,,,,,
10,200,10,100,Elec_CC,4.41,0,2,0.18,4,,,,,,,,,,,,,,,,
10,200,10,150,Elec_CC,4.41,0,2,0.18,4,,,,,,,,,,,,,,,,
10,200,10,200,Elec_CC,4.41,0,2,0.18,4,,,,,,,,,,,,,,,,
10,200,10,250,Elec_CC,4.41,0,2,0.18,4,,,,,,,,,,,,,,,,
10,200,35,75,Elec_CC,4.41,0,2,0.18,4,,,,,,,,,,,,,,,,
10,200,35,100,Elec_CC,4.41,0,2,0.18,4,,,,,,,,,,,,,,,,
10,200,35,150,Elec_CC,4.41,0,2,0.18,4,,,,,,,,,,,,,,,,
10,200,35,200,Elec_CC,4.41,0,2,0.18,4,,,,,,,,,,,,,,,,
10,200,35,250,Elec_CC,4.41,0,2,0.18,4,,,,,,,,,,,,,,,,
10,200,55,75,Elec_CC,4.41,0,2,0.18,4,,,,,,,,,,,,,,,,
10,200,55,100,Elec_CC,4.41,0,2,0.18,4,,,,,,,,,,,,,,,,
10,200,55,150,Elec_CC,4.41,0,2,0.18,4,,,,,,,,,,,,,,,,
10,200,55,200,Elec_CC,4.41,0,2,0.18,4,,,,,,,,,,,,,,,,
10,200,55,250,Elec_CC,4.41,0,2,0.18,4,,,,,,,,,,,,,,,,
10,200,75,75,Elec_CC,4.41,0,2,0.18,4,,,,,,,,,,,,,,,,
10,200,75,100,Elec_CC,4.41,0,2,0.18,4,,,,,,,,,,,,,,,,
10,200,75,150,Elec_CC,4.41,0,2,0.18,4,,,,,,,,,,,,,,,,
10,200,75,200,Elec_CC,4.41,0,2,0.18,4,,,,,,,,,,,,,,,,
10,200,75,250,Elec_CC,4.41,0,2,0.18,4,,,,,,,,,,,,,,,,
10,200,100,75,Elec_CC,4.41,0,2,0.18,4,,,,,,,,,,,,,,,,
10,200,100,100,Elec_CC,4.41,0,2,0.18,4,,,,,,,,,,,,,,,,
10,200,100,150,Elec_CC,4.41,0,2,0.18,4,,,,,,,,,,,,,,,,
10,200,100,200,Elec_CC,4.41,0,2,0.18,4,,,,,,,,,,,,,,,,
10,200,100,250,Elec_CC,4.41,0,2,0.18,4,,,,,,,,,,,,,,,,
25,10,10,75,H2_CC,0.9,5.59,2,0.15,5,,,,,,,,,,,,,,,,
25,10,10,100,H2_CC,0.9,5.59,2,0.15,5,,,,,,,,,,,,,,,,
25,10,10,150,H2_CC,0.9,5.59,2,0.15,5,,,,,,,,,,,,,,,,
25,10,10,200,H2_CC,0.9,5.59,2,0.15,5,,,,,,,,,,,,,,,,
25,10,10,250,H2_CC,0.9,5.59,2,0.15,5,,,,,,,,,,,,,,,,
25,10,35,75,H2_CC,0.9,5.59,2,0.15,5,,,,,,,,,,,,,,,,
25,10,35,100,H2_CC,0.9,5.59,2,0.15,5,,,,,,,,,,,,,,,,
25,10,35,150,H2_CC,0.9,5.59,2,0.15,5,,,,,,,,,,,,,,,,
25,10,35,200,H2_CC,0.9,5.59,2,0.15,5,,,,,,,,,,,,,,,,
25,10,35,250,H2_CC,0.9,5.59,2,0.15,5,,,,,,,,,,,,,,,,
25,10,55,75,H2_CC,0.9,5.59,2,0.15,5,,,,,,,,,,,,,,,,
25,10,55,100,H2_CC,0.9,5.59,2,0.15,5,,,,,,,,,,,,,,,,
25,10,55,150,H2_CC,0.9,5.59,2,0.15,5,,,,,,,,,,,,,,,,
25,10,55,200,H2_CC,0.9,5.59,2,0.15,5,,,,,,,,,,,,,,,,
25,10,55,250,H2_CC,0.9,5.59,2,0.15,5,,,,,,,,,,,,,,,,
25,10,75,75,H2_CC,0.9,5.59,2,0.15,5,,,,,,,,,,,,,,,,
25,10,75,100,H2_CC,0.9,5.59,2,0.15,5,,,,,,,,,,,,,,,,
25,10,75,150,H2_CC,0.9,5.59,2,0.15,5,,,,,,,,,,,,,,,,
25,10,75,200,H2_CC,0.9,5.59,2,0.15,5,,,,,,,,,,,,,,,,
25,10,75,250,H2_CC,0.9,5.59,2,0.15,5,,,,,,,,,,,,,,,,
25,10,100,75,H2_CC,0.9,5.59,2,0.15,5,,,,,,,,,,,,,,,,
25,10,100,100,H2_CC,0.9,5.59,2,0.15,5,,,,,,,,,,,,,,,,
25,10,100,150,H2_CC,0.9,5.59,2,0.15,5,,,,,,,,,,,,,,,,
25,10,100,200,H2_CC,0.9,5.59,2,0.15,5,,,,,,,,,,,,,,,,
25,10,100,250,H2_CC,0.9,5.59,2,0.15,5,,,,,,,,,,,,,,,,
25,25,10,75,Hyb_ORC_CC,2.37,1.92,2,0.14,3,,,,,,,,,,,,,,,,
25,25,10,100,Hyb_ORC_CC,2.37,1.92,2,0.14,3,,,,,,,,,,,,,,,,
25,25,10,150,Hyb_ORC_CC,2.37,1.92,2,0.14,3,,,,,,,,,,,,,,,,
25,25,10,200,Hyb_ORC_CC,2.37,1.92,2,0.14,3,,,,,,,,,,,,,,,,
25,25,10,250,Hyb_ORC_CC,2.37,1.92,2,0.14,3,,,,,,,,,,,,,,,,
25,25,35,75,Elec_CC,4.41,0,2,0.18,4,,,,,,,,,,,,,,,,
25,25,35,100,Elec_CC,4.41,0,2,0.18,4,,,,,,,,,,,,,,,,
25,25,35,150,Elec_CC,4.41,0,2,0.18,4,,,,,,,,,,,,,,,,
25,25,35,200,Elec_CC,4.41,0,2,0.18,4,,,,,,,,,,,,,,,,
25,25,35,250,Elec_CC,4.41,0,2,0.18,4,,,,,,,,,,,,,,,,
25,25,55,75,Elec_CC,4.41,0,2,0.18,4,,,,,,,,,,,,,,,,
25,25,55,100,Elec_CC,4.41,0,2,0.18,4,,,,,,,,,,,,,,,,
25,25,55,150,Elec_CC,4.41,0,2,0.18,4,,,,,,,,,,,,,,,,
25,25,55,200,Elec_CC,4.41,0,2,0.18,4,,,,,,,,,,,,,,,,
25,25,55,250,Elec_CC,4.41,0,2,0.18,4,,,,,,,,,,,,,,,,
25,25,75,75,Elec_CC,4.41,0,2,0.18,4,,,,,,,,,,,,,,,,
25,25,75,100,Elec_CC,4.41,0,2,0.18,4,,,,,,,,,,,,,,,,
25,25,75,150,Elec_CC,4.41,0,2,0.18,4,,,,,,,,,,,,,,,,
25,25,75,200,Elec_CC,4.41,0,2,0.18,4,,,,,,,,,,,,,,,,
25,25,75,250,Elec_CC,4.41,0,2,0.18,4,,,,,,,,,,,,,,,,
25,25,100,75,Elec_CC,4.41,0,2,0.18,4,,,,,,,,,,,,,,,,
25,25,100,100,Elec_CC,4.41,0,2,0.18,4,,,,,,,,,,,,,,,,
25,25,100,150,Elec_CC,4.41,0,2,0.18,4,,,,,,,,,,,,,,,,
25,25,100,200,Elec_CC,4.41,0,2,0.18,4,,,,,,,,,,,,,,,,
25,25,100,250,Elec_CC,4.41,0,2,0.18,4,,,,,,,,,,,,,,,,
25,50,10,75,Hyb_ORC_CC,2.37,1.92,2,0.14,3,,,,,,,,,,,,,,,,
25,50,10,100,Hyb_ORC_CC,2.37,1.92,2,0.14,3,,,,,,,,,,,,,,,,
25,50,10,150,Hyb_ORC_CC,2.37,1.92,2,0.14,3,,,,,,,,,,,,,,,,
25,50,10,200,Hyb_ORC_CC,2.37,1.92,2,0.14,3,,,,,,,,,,,,,,,,
25,50,10,250,Hyb_ORC_CC,2.37,1.92,2,0.14,3,,,,,,,,,,,,,,,,
25,50,35,75,Elec_CC,4.41,0,2,0.18,4,,,,,,,,,,,,,,,,
25,50,35,100,Elec_CC,4.41,0,2,0.18,4,,,,,,,,,,,,,,,,
25,50,35,150,Elec_CC,4.41,0,2,0.18,4,,,,,,,,,,,,,,,,
25,50,35,200,Elec_CC,4.41,0,2,0.18,4,,,,,,,,,,,,,,,,
25,50,35,250,Elec_CC,4.41,0,2,0.18,4,,,,,,,,,,,,,,,,
25,50,55,75,Elec_CC,4.41,0,2,0.18,4,,,,,,,,,,,,,,,,
25,50,55,100,Elec_CC,4.41,0,2,0.18,4,,,,,,,,,,,,,,,,
25,50,55,150,Elec_CC,4.41,0,2,0.18,4,,,,,,,,,,,,,,,,
25,50,55,200,Elec_CC,4.41,0,2,0.18,4,,,,,,,,,,,,,,,,
25,50,55,250,Elec_CC,4.41,0,2,0.18,4,,,,,,,,,,,,,,,,
25,50,75,75,Elec_CC,4.41,0,2,0.18,4,,,,,,,,,,,,,,,,
25,50,75,100,Elec_CC,4.41,0,2,0.18,4,,,,,,,,,,,,,,,,
25,50,75,150,Elec_CC,4.41,0,2,0.18,4,,,,,,,,,,,,,,,,
25,50,75,200,Elec_CC,4.41,0,2,0.18,4,,,,,,,,,,,,,,,,
25,50,75,250,Elec_CC,4.41,0,2,0.18,4,,,,,,,,,,,,,,,,
25,50,100,75,Elec_CC,4.41,0,2,0.18,4,,,,,,,,,,,,,,,,
25,50,100,100,Elec_CC,4.41,0,2,0.18,4,,,,,,,,,,,,,,,,
25,50,100,150,Elec_CC,4.41,0,2,0.18,4,,,,,,,,,,,,,,,,
25,50,100,200,Elec_CC,4.41,0,2,0.18,4,,,,,,,,,,,,,,,,
25,50,100,250,Elec_CC,4.41,0,2,0.18,4,,,,,,,,,,,,,,,,
25,75,10,75,Hyb_ORC_CC,2.37,1.92,2,0.14,3,,,,,,,,,,,,,,,,
25,75,10,100,Hyb_ORC_CC,2.37,1.92,2,0.14,3,,,,,,,,,,,,,,,,
25,75,10,150,Hyb_ORC_CC,2.37,1.92,2,0.14,3,,,,,,,,,,,,,,,,
25,75,10,200,Hyb_ORC_CC,2.37,1.92,2,0.14,3,,,,,,,,,,,,,,,,
25,75,10,250,Hyb_ORC_CC,2.37,1.92,2,0.14,3,,,,,,,,,,,,,,,,
25,75,35,75,Elec_CC,4.41,0,2,0.18,4,,,,,,,,,,,,,,,,
25,75,35,100,Elec_CC,4.41,0,2,0.18,4,,,,,,,,,,,,,,,,
25,75,35,150,Elec_CC,4.41,0,2,0.18,4,,,,,,,,,,,,,,,,
25,75,35,200,Elec_CC,4.41,0,2,0.18,4,,,,,,,,,,,,,,,,
25,75,35,250,Elec_CC,4.41,0,2,0.18,4,,,,,,,,,,,,,,,,
25,75,55,75,Elec_CC,4.41,0,2,0.18,4,,,,,,,,,,,,,,,,
25,75,55,100,Elec_CC,4.41,0,2,0.18,4,,,,,,,,,,,,,,,,
25,75,55,150,Elec_CC,4.41,0,2,0.18,4,,,,,,,,,,,,,,,,
25,75,55,200,Elec_CC,4.41,0,2,0.18,4,,,,,,,,,,,,,,,,
25,75,55,250,Elec_CC,4.41,0,2,0.18,4,,,,,,,,,,,,,,,,
25,75,75,75,Elec_CC,4.41,0,2,0.18,4,,,,,,,,,,,,,,,,
25,75,75,100,Elec_CC,4.41,0,2,0.18,4,,,,,,,,,,,,,,,,
25,75,75,150,Elec_CC,4.41,0,2,0.18,4,,,,,,,,,,,,,,,,
25,75,75,200,Elec_CC,4.41,0,2,0.18,4,,,,,,,,,,,,,,,,
25,75,75,250,Elec_CC,4.41,0,2,0.18,4,,,,,,,,,,,,,,,,
25,75,100,75,Elec_CC,4.41,0,2,0.18,4,,,,,,,,,,,,,,,,
25,75,100,100,Elec_CC,4.41,0,2,0.18,4,,,,,,,,,,,,,,,,
25,75,100,150,Elec_CC,4.41,0,2,0.18,4,,,,,,,,,,,,,,,,
25,75,100,200,Elec_CC,4.41,0,2,0.18,4,,,,,,,,,,,,,,,,
25,75,100,250,Elec_CC,4.41,0,2,0.18,4,,,,,,,,,,,,,,,,
25,100,10,75,Hyb_ORC_CC,2.37,1.92,2,0.14,3,,,,,,,,,,,,,,,,
25,100,10,100,Hyb_ORC_CC,2.37,1.92,2,0.14,3,,,,,,,,,,,,,,,,
25,100,10,150,Hyb_ORC_CC,2.37,1.92,2,0.14,3,,,,,,,,,,,,,,,,
25,100,10,200,Hyb_ORC_CC,2.37,1.92,2,0.14,3,,,,,,,,,,,,,,,,
25,100,10,250,Hyb_ORC_CC,2.37,1.92,2,0.14,3,,,,,,,,,,,,,,,,
25,100,35,75,Elec_CC,4.41,0,2,0.18,4,,,,,,,,,,,,,,,,
25,100,35,100,Elec_CC,4.41,0,2,0.18,4,,,,,,,,,,,,,,,,
25,100,35,150,Elec_CC,4.41,0,2,0.18,4,,,,,,,,,,,,,,,,
25,100,35,200,Elec_CC,4.41,0,2,0.18,4,,,,,,,,,,,,,,,,
25,100,35,250,Elec_CC,4.41,0,2,0.18,4,,,,,,,,,,,,,,,,
25,100,55,75,Elec_CC,4.41,0,2,0.18,4,,,,,,,,,,,,,,,,
25,100,55,100,Elec_CC,4.41,0,2,0.18,4,,,,,,,,,,,,,,,,
25,100,55,150,Elec_CC,4.41,0,2,0.18,4,,,,,,,,,,,,,,,,
25,100,55,200,Elec_CC,4.41,0,2,0.18,4,,,,,,,,,,,,,,,,
25,100,55,250,Elec_CC,4.41,0,2,0.18,4,,,,,,,,,,,,,,,,
25,100,75,75,Elec_CC,4.41,0,2,0.18,4,,,,,,,,,,,,,,,,
25,100,75,100,Elec_CC,4.41,0,2,0.18,4,,,,,,,,,,,,,,,,
25,100,75,150,Elec_CC,4.41,0,2,0.18,4,,,,,,,,,,,,,,,,
25,100,75,200,Elec_CC,4.41,0,2,0.18,4,,,,,,,,,,,,,,,,
25,100,75,250,Elec_CC,4.41,0,2,0.18,4,,,,,,,,,,,,,,,,
25,100,100,75,Elec_CC,4.41,0,2,0.18,4,,,,,,,,,,,,,,,,
25,100,100,100,Elec_CC,4.41,0,2,0.18,4,,,,,,,,,,,,,,,,
25,100,100,150,Elec_CC,4.41,0,2,0.18,4,,,,,,,,,,,,,,,,
25,100,100,200,Elec_CC,4.41,0,2,0.18,4,,,,,,,,,,,,,,,,
25,100,100,250,Elec_CC,4.41,0,2,0.18,4,,,,,,,,,,,,,,,,
25,150,10,75,Hyb_ORC_CC,2.37,1.92,2,0.14,3,,,,,,,,,,,,,,,,
25,150,10,100,Hyb_ORC_CC,2.37,1.92,2,0.14,3,,,,,,,,,,,,,,,,
25,150,10,150,Hyb_ORC_CC,2.37,1.92,2,0.14,3,,,,,,,,,,,,,,,,
25,150,10,200,Hyb_ORC_CC,2.37,1.92,2,0.14,3,,,,,,,,,,,,,,,,
25,150,10,250,Hyb_ORC_CC,2.37,1.92,2,0.14,3,,,,,,,,,,,,,,,,
25,150,35,75,Elec_CC,4.41,0,2,0.18,4,,,,,,,,,,,,,,,,
25,150,35,100,Elec_CC,4.41,0,2,0.18,4,,,,,,,,,,,,,,,,
25,150,35,150,Elec_CC,4.41,0,2,0.18,4,,,,,,,,,,,,,,,,
25,150,35,200,Elec_CC,4.41,0,2,0.18,4,,,,,,,,,,,,,,,,
25,150,35,250,Elec_CC,4.41,0,2,0.18,4,,,,,,,,,,,,,,,,
25,150,55,75,Elec_CC,4.41,0,2,0.18,4,,,,,,,,,,,,,,,,
25,150,55,100,Elec_CC,4.41,0,2,0.18,4,,,,,,,,,,,,,,,,
25,150,55,150,Elec_CC,4.41,0,2,0.18,4,,,,,,,,,,,,,,,,
25,150,55,200,Elec_CC,4.41,0,2,0.18,4,,,,,,,,,,,,,,,,
25,150,55,250,Elec_CC,4.41,0,2,0.18,4,,,,,,,,,,,,,,,,
25,150,75,75,Elec_CC,4.41,0,2,0.18,4,,,,,,,,,,,,,,,,
25,150,75,100,Elec_CC,4.41,0,2,0.18,4,,,,,,,,,,,,,,,,
25,150,75,150,Elec_CC,4.41,0,2,0.18,4,,,,,,,,,,,,,,,,
25,150,75,200,Elec_CC,4.41,0,2,0.18,4,,,,,,,,,,,,,,,,
25,150,75,250,Elec_CC,4.41,0,2,0.18,4,,,,,,,,,,,,,,,,
25,150,100,75,Elec_CC,4.41,0,2,0.18,4,,,,,,,,,,,,,,,,
25,150,100,100,Elec_CC,4.41,0,2,0.18,4,,,,,,,,,,,,,,,,
25,150,100,150,Elec_CC,4.41,0,2,0.18,4,,,,,,,,,,,,,,,,
25,150,100,200,Elec_CC,4.41,0,2,0.18,4,,,,,,,,,,,,,,,,
25,150,100,250,Elec_CC,4.41,0,2,0.18,4,,,,,,,,,,,,,,,,
25,200,10,75,Hyb_ORC_CC,2.37,1.92,2,0.14,3,,,,,,,,,,,,,,,,
25,200,10,100,Hyb_ORC_CC,2.37,1.92,2,0.14,3,,,,,,,,,,,,,,,,
25,200,10,150,Hyb_ORC_CC,2.37,1.92,2,0.14,3,,,,,,,,,,,,,,,,
25,200,10,200,Hyb_ORC_CC,2.37,1.92,2,0.14,3,,,,,,,,,,,,,,,,
25,200,10,250,Hyb_ORC_CC,2.37,1.92,2,0.14,3,,,,,,,,,,,,,,,,
25,200,35,75,Elec_CC,4.41,0,2,0.18,4,,,,,,,,,,,,,,,,
25,200,35,100,Elec_CC,4.41,0,2,0.18,4,,,,,,,,,,,,,,,,
25,200,35,150,Elec_CC,4.41,0,2,0.18,4,,,,,,,,,,,,,,,,
25,200,35,200,Elec_CC,4.41,0,2,0.18,4,,,,,,,,,,,,,,,,
25,200,35,250,Elec_CC,4.41,0,2,0.18,4,,,,,,,,,,,,,,,,
25,200,55,75,Elec_CC,4.41,0,2,0.18,4,,,,,,,,,,,,,,,,
25,200,55,100,Elec_CC,4.41,0,2,0.18,4,,,,,,,,,,,,,,,,
25,200,55,150,Elec_CC,4.41,0,2,0.18,4,,,,,,,,,,,,,,,,
25,200,55,200,Elec_CC,4.41,0,2,0.18,4,,,,,,,,,,,,,,,,
25,200,55,250,Elec_CC,4.41,0,2,0.18,4,,,,,,,,,,,,,,,,
25,200,75,75,Elec_CC,4.41,0,2,0.18,4,,,,,,,,,,,,,,,,
25,200,75,100,Elec_CC,4.41,0,2,0.18,4,,,,,,,,,,,,,,,,
25,200,75,150,Elec_CC,4.41,0,2,0.18,4,,,,,,,,,,,,,,,,
25,200,75,200,Elec_CC,4.41,0,2,0.18,4,,,,,,,,,,,,,,,,
25,200,75,250,Elec_CC,4.41,0,2,0.18,4,,,,,,,,,,,,,,,,
25,200,100,75,Elec_CC,4.41,0,2,0.18,4,,,,,,,,,,,,,,,,
25,200,100,100,Elec_CC,4.41,0,2,0.18,4,,,,,,,,,,,,,,,,
25,200,100,150,Elec_CC,4.41,0,2,0.18,4,,,,,,,,,,,,,,,,
25,200,100,200,Elec_CC,4.41,0,2,0.18,4,,,,,,,,,,,,,,,,
25,200,100,250,Elec_CC,4.41,0,2,0.18,4,,,,,,,,,,,,,,,,
50,10,10,75,H2_ORC,0.58,5.59,3,0.31,5,,,,,,,,,,,,,,,,
50,10,10,100,H2_CC,0.9,5.59,2,0.15,5,,,,,,,,,,,,,,,,
50,10,10,150,H2_CC,0.9,5.59,2,0.15,5,,,,,,,,,,,,,,,,
50,10,10,200,H2_CC,0.9,5.59,2,0.15,5,,,,,,,,,,,,,,,,
50,10,10,250,H2_CC,0.9,5.59,2,0.15,5,,,,,,,,,,,,,,,,
50,10,35,75,H2_ORC,0.58,5.59,3,0.31,5,,,,,,,,,,,,,,,,
50,10,35,100,H2_CC,0.9,5.59,2,0.15,5,,,,,,,,,,,,,,,,
50,10,35,150,H2_CC,0.9,5.59,2,0.15,5,,,,,,,,,,,,,,,,
50,10,35,200,H2_CC,0.9,5.59,2,0.15,5,,,,,,,,,,,,,,,,
50,10,35,250,H2_CC,0.9,5.59,2,0.15,5,,,,,,,,,,,,,,,,
50,10,55,75,H2_ORC,0.58,5.59,3,0.31,5,,,,,,,,,,,,,,,,
50,10,55,100,H2_CC,0.9,5.59,2,0.15,5,,,,,,,,,,,,,,,,
50,10,55,150,H2_CC,0.9,5.59,2,0.15,5,,,,,,,,,,,,,,,,
50,10,55,200,H2_CC,0.9,5.59,2,0.15,5,,,,,,,,,,,,,,,,
50,10,55,250,H2_CC,0.9,5.59,2,0.15,5,,,,,,,,,,,,,,,,
50,10,75,75,H2_ORC,0.58,5.59,3,0.31,5,,,,,,,,,,,,,,,,
50,10,75,100,H2_CC,0.9,5.59,2,0.15,5,,,,,,,,,,,,,,,,
50,10,75,150,H2_CC,0.9,5.59,2,0.15,5,,,,,,,,,,,,,,,,
50,10,75,200,H2_CC,0.9,5.59,2,0.15,5,,,,,,,,,,,,,,,,
50,10,75,250,H2_CC,0.9,5.59,2,0.15,5,,,,,,,,,,,,,,,,
50,10,100,75,H2_ORC,0.58,5.59,3,0.31,5,,,,,,,,,,,,,,,,
50,10,100,100,H2_CC,0.9,5.59,2,0.15,5,,,,,,,,,,,,,,,,
50,10,100,150,H2_CC,0.9,5.59,2,0.15,5,,,,,,,,,,,,,,,,
50,10,100,200,H2_CC,0.9,5.59,2,0.15,5,,,,,,,,,,,,,,,,
50,10,100,250,H2_CC,0.9,5.59,2,0.15,5,,,,,,,,,,,,,,,,
50,25,10,75,NG_ORC,0.58,5.34,3,0.61,1,,,,,,,,,,,,,,,,
50,25,10,100,Hyb_ORC_CC,2.37,1.92,2,0.14,3,,,,,,,,,,,,,,,,
50,25,10,150,Hyb_ORC_CC,2.37,1.92,2,0.14,3,,,,,,,,,,,,,,,,
50,25,10,200,Hyb_ORC_CC,2.37,1.92,2,0.14,3,,,,,,,,,,,,,,,,
50,25,10,250,Hyb_ORC_CC,2.37,1.92,2,0.14,3,,,,,,,,,,,,,,,,
50,25,35,75,H2_ORC,0.58,5.59,3,0.31,5,,,,,,,,,,,,,,,,
50,25,35,100,H2_CC,0.9,5.59,2,0.15,5,,,,,,,,,,,,,,,,
50,25,35,150,H2_CC,0.9,5.59,2,0.15,5,,,,,,,,,,,,,,,,
50,25,35,200,H2_CC,0.9,5.59,2,0.15,5,,,,,,,,,,,,,,,,
50,25,35,250,H2_CC,0.9,5.59,2,0.15,5,,,,,,,,,,,,,,,,
50,25,55,75,H2_ORC,0.58,5.59,3,0.31,5,,,,,,,,,,,,,,,,
50,25,55,100,H2_CC,0.9,5.59,2,0.15,5,,,,,,,,,,,,,,,,
50,25,55,150,H2_CC,0.9,5.59,2,0.15,5,,,,,,,,,,,,,,,,
50,25,55,200,H2_CC,0.9,5.59,2,0.15,5,,,,,,,,,,,,,,,,
50,25,55,250,H2_CC,0.9,5.59,2,0.15,5,,,,,,,,,,,,,,,,
50,25,75,75,H2_ORC,0.58,5.59,3,0.31,5,,,,,,,,,,,,,,,,
50,25,75,100,H2_CC,0.9,5.59,2,0.15,5,,,,,,,,,,,,,,,,
50,25,75,150,H2_CC,0.9,5.59,2,0.15,5,,,,,,,,,,,,,,,,
50,25,75,200,H2_CC,0.9,5.59,2,0.15,5,,,,,,,,,,,,,,,,
50,25,75,250,H2_CC,0.9,5.59,2,0.15,5,,,,,,,,,,,,,,,,
50,25,100,75,H2_ORC,0.58,5.59,3,0.31,5,,,,,,,,,,,,,,,,
50,25,100,100,H2_CC,0.9,5.59,2,0.15,5,,,,,,,,,,,,,,,,
50,25,100,150,H2_CC,0.9,5.59,2,0.15,5,,,,,,,,,,,,,,,,
50,25,100,200,H2_CC,0.9,5.59,2,0.15,5,,,,,,,,,,,,,,,,
50,25,100,250,H2_CC,0.9,5.59,2,0.15,5,,,,,,,,,,,,,,,,
50,50,10,75,NG_ORC,0.58,5.34,3,0.61,1,,,,,,,,,,,,,,,,
50,50,10,100,Hyb_ORC_CC,2.37,1.92,2,0.14,3,,,,,,,,,,,,,,,,
50,50,10,150,Hyb_ORC_CC,2.37,1.92,2,0.14,3,,,,,,,,,,,,,,,,
50,50,10,200,Hyb_ORC_CC,2.37,1.92,2,0.14,3,,,,,,,,,,,,,,,,
50,50,10,250,Hyb_ORC_CC,2.37,1.92,2,0.14,3,,,,,,,,,,,,,,,,
50,50,35,75,Hyb_ORC_CC,2.37,1.92,2,0.14,3,,,,,,,,,,,,,,,,
50,50,35,100,Hyb_ORC_CC,2.37,1.92,2,0.14,3,,,,,,,,,,,,,,,,
50,50,35,150,Hyb_ORC_CC,2.37,1.92,2,0.14,3,,,,,,,,,,,,,,,,
50,50,35,200,Hyb_ORC_CC,2.37,1.92,2,0.14,3,,,,,,,,,,,,,,,,
50,50,35,250,Hyb_ORC_CC,2.37,1.92,2,0.14,3,,,,,,,,,,,,,,,,
50,50,55,75,Elec_CC,4.41,0,2,0.18,4,,,,,,,,,,,,,,,,
50,50,55,100,Elec_CC,4.41,0,2,0.18,4,,,,,,,,,,,,,,,,
50,50,55,150,Elec_CC,4.41,0,2,0.18,4,,,,,,,,,,,,,,,,
50,50,55,200,Elec_CC,4.41,0,2,0.18,4,,,,,,,,,,,,,,,,
50,50,55,250,Elec_CC,4.41,0,2,0.18,4,,,,,,,,,,,,,,,,
50,50,75,75,Elec_CC,4.41,0,2,0.18,4,,,,,,,,,,,,,,,,
50,50,75,100,Elec_CC,4.41,0,2,0.18,4,,,,,,,,,,,,,,,,
50,50,75,150,Elec_CC,4.41,0,2,0.18,4,,,,,,,,,,,,,,,,
50,50,75,200,Elec_CC,4.41,0,2,0.18,4,,,,,,,,,,,,,,,,
50,50,75,250,Elec_CC,4.41,0,2,0.18,4,,,,,,,,,,,,,,,,
50,50,100,75,Elec_CC,4.41,0,2,0.18,4,,,,,,,,,,,,,,,,
50,50,100,100,Elec_CC,4.41,0,2,0.18,4,,,,,,,,,,,,,,,,
50,50,100,150,Elec_CC,4.41,0,2,0.18,4,,,,,,,,,,,,,,,,
50,50,100,200,Elec_CC,4.41,0,2,0.18,4,,,,,,,,,,,,,,,,
50,50,100,250,Elec_CC,4.41,0,2,0.18,4,,,,,,,,,,,,,,,,
50,75,10,75,NG_ORC,0.58,5.34,3,0.61,1,,,,,,,,,,,,,,,,
50,75,10,100,Hyb_ORC_CC,2.37,1.92,2,0.14,3,,,,,,,,,,,,,,,,
50,75,10,150,Hyb_ORC_CC,2.37,1.92,2,0.14,3,,,,,,,,,,,,,,,,
50,75,10,200,Hyb_ORC_CC,2.37,1.92,2,0.14,3,,,,,,,,,,,,,,,,
50,75,10,250,Hyb_ORC_CC,2.37,1.92,2,0.14,3,,,,,,,,,,,,,,,,
50,75,35,75,Hyb_ORC_CC,2.37,1.92,2,0.14,3,,,,,,,,,,,,,,,,
50,75,35,100,Hyb_ORC_CC,2.37,1.92,2,0.14,3,,,,,,,,,,,,,,,,
50,75,35,150,Hyb_ORC_CC,2.37,1.92,2,0.14,3,,,,,,,,,,,,,,,,
50,75,35,200,Hyb_ORC_CC,2.37,1.92,2,0.14,3,,,,,,,,,,,,,,,,
50,75,35,250,Hyb_ORC_CC,2.37,1.92,2,0.14,3,,,,,,,,,,,,,,,,
50,75,55,75,Elec_CC,4.41,0,2,0.18,4,,,,,,,,,,,,,,,,
50,75,55,100,Elec_CC,4.41,0,2,0.18,4,,,,,,,,,,,,,,,,
50,75,55,150,Elec_CC,4.41,0,2,0.18,4,,,,,,,,,,,,,,,,
50,75,55,200,Elec_CC,4.41,0,2,0.18,4,,,,,,,,,,,,,,,,
50,75,55,250,Elec_CC,4.41,0,2,0.18,4,,,,,,,,,,,,,,,,
50,75,75,75,Elec_CC,4.41,0,2,0.18,4,,,,,,,,,,,,,,,,
50,75,75,100,Elec_CC,4.41,0,2,0.18,4,,,,,,,,,,,,,,,,
50,75,75,150,Elec_CC,4.41,0,2,0.18,4,,,,,,,,,,,,,,,,
50,75,75,200,Elec_CC,4.41,0,2,0.18,4,,,,,,,,,,,,,,,,
50,75,75,250,Elec_CC,4.41,0,2,0.18,4,,,,,,,,,,,,,,,,
50,75,100,75,Elec_CC,4.41,0,2,0.18,4,,,,,,,,,,,,,,,,
50,75,100,100,Elec_CC,4.41,0,2,0.18,4,,,,,,,,,,,,,,,,
50,75,100,150,Elec_CC,4.41,0,2,0.18,4,,,,,,,,,,,,,,,,
50,75,100,200,Elec_CC,4.41,0,2,0.18,4,,,,,,,,,,,,,,,,
50,75,100,250,Elec_CC,4.41,0,2,0.18,4,,,,,,,,,,,,,,,,
50,100,10,75,NG_ORC,0.58,5.34,3,0.61,1,,,,,,,,,,,,,,,,
50,100,10,100,Hyb_ORC_CC,2.37,1.92,2,0.14,3,,,,,,,,,,,,,,,,
50,100,10,150,Hyb_ORC_CC,2.37,1.92,2,0.14,3,,,,,,,,,,,,,,,,
50,100,10,200,Hyb_ORC_CC,2.37,1.92,2,0.14,3,,,,,,,,,,,,,,,,
50,100,10,250,Hyb_ORC_CC,2.37,1.92,2,0.14,3,,,,,,,,,,,,,,,,
50,100,35,75,Hyb_ORC_CC,2.37,1.92,2,0.14,3,,,,,,,,,,,,,,,,
50,100,35,100,Hyb_ORC_CC,2.37,1.92,2,0.14,3,,,,,,,,,,,,,,,,
50,100,35,150,Hyb_ORC_CC,2.37,1.92,2,0.14,3,,,,,,,,,,,,,,,,
50,100,35,200,Hyb_ORC_CC,2.37,1.92,2,0.14,3,,,,,,,,,,,,,,,,
50,100,35,250,Hyb_ORC_CC,2.37,1.92,2,0.14,3,,,,,,,,,,,,,,,,
50,100,55,75,Elec_CC,4.41,0,2,0.18,4,,,,,,,,,,,,,,,,
50,100,55,100,Elec_CC,4.41,0,2,0.18,4,,,,,,,,,,,,,,,,
50,100,55,150,Elec_CC,4.41,0,2,0.18,4,,,,,,,,,,,,,,,,
50,100,55,200,Elec_CC,4.41,0,2,0.18,4,,,,,,,,,,,,,,,,
50,100,55,250,Elec_CC,4.41,0,2,0.18,4,,,,,,,,,,,,,,,,
50,100,75,75,Elec_CC,4.41,0,2,0.18,4,,,,,,,,,,,,,,,,
50,100,75,100,Elec_CC,4.41,0,2,0.18,4,,,,,,,,,,,,,,,,
50,100,75,150,Elec_CC,4.41,0,2,0.18,4,,,,,,,,,,,,,,,,
50,100,75,200,Elec_CC,4.41,0,2,0.18,4,,,,,,,,,,,,,,,,
50,100,75,250,Elec_CC,4.41,0,2,0.18,4,,,,,,,,,,,,,,,,
50,100,100,75,Elec_CC,4.41,0,2,0.18,4,,,,,,,,,,,,,,,,
50,100,100,100,Elec_CC,4.41,0,2,0.18,4,,,,,,,,,,,,,,,,
50,100,100,150,Elec_CC,4.41,0,2,0.18,4,,,,,,,,,,,,,,,,
50,100,100,200,Elec_CC,4.41,0,2,0.18,4,,,,,,,,,,,,,,,,
50,100,100,250,Elec_CC,4.41,0,2,0.18,4,,,,,,,,,,,,,,,,
50,150,10,75,NG_ORC,0.58,5.34,3,0.61,1,,,,,,,,,,,,,,,,
50,150,10,100,Hyb_ORC_CC,2.37,1.92,2,0.14,3,,,,,,,,,,,,,,,,
50,150,10,150,Hyb_ORC_CC,2.37,1.92,2,0.14,3,,,,,,,,,,,,,,,,
50,150,10,200,Hyb_ORC_CC,2.37,1.92,2,0.14,3,,,,,,,,,,,,,,,,
50,150,10,250,Hyb_ORC_CC,2.37,1.92,2,0.14,3,,,,,,,,,,,,,,,,
50,150,35,75,Hyb_ORC_CC,2.37,1.92,2,0.14,3,,,,,,,,,,,,,,,,
50,150,35,100,Hyb_ORC_CC,2.37,1.92,2,0.14,3,,,,,,,,,,,,,,,,
50,150,35,150,Hyb_ORC_CC,2.37,1.92,2,0.14,3,,,,,,,,,,,,,,,,
50,150,35,200,Hyb_ORC_CC,2.37,1.92,2,0.14,3,,,,,,,,,,,,,,,,
50,150,35,250,Hyb_ORC_CC,2.37,1.92,2,0.14,3,,,,,,,,,,,,,,,,
50,150,55,75,Elec_CC,4.41,0,2,0.18,4,,,,,,,,,,,,,,,,
50,150,55,100,Elec_CC,4.41,0,2,0.18,4,,,,,,,,,,,,,,,,
50,150,55,150,Elec_CC,4.41,0,2,0.18,4,,,,,,,,,,,,,,,,
50,150,55,200,Elec_CC,4.41,0,2,0.18,4,,,,,,,,,,,,,,,,
50,150,55,250,Elec_CC,4.41,0,2,0.18,4,,,,,,,,,,,,,,,,
50,150,75,75,Elec_CC,4.41,0,2,0.18,4,,,,,,,,,,,,,,,,
50,150,75,100,Elec_CC,4.41,0,2,0.18,4,,,,,,,,,,,,,,,,
50,150,75,150,Elec_CC,4.41,0,2,0.18,4,,,,,,,,,,,,,,,,
50,150,75,200,Elec_CC,4.41,0,2,0.18,4,,,,,,,,,,,,,,,,
50,150,75,250,Elec_CC,4.41,0,2,0.18,4,,,,,,,,,,,,,,,,
50,150,100,75,Elec_CC,4.41,0,2,0.18,4,,,,,,,,,,,,,,,,
50,150,100,100,Elec_CC,4.41,0,2,0.18,4,,,,,,,,,,,,,,,,
50,150,100,150,Elec_CC,4.41,0,2,0.18,4,,,,,,,,,,,,,,,,
50,150,100,200,Elec_CC,4.41,0,2,0.18,4,,,,,,,,,,,,,,,,
50,150,100,250,Elec_CC,4.41,0,2,0.18,4,,,,,,,,,,,,,,,,
50,200,10,75,NG_ORC,0.58,5.34,3,0.61,1,,,,,,,,,,,,,,,,
50,200,10,100,Hyb_ORC_CC,2.37,1.92,2,0.14,3,,,,,,,,,,,,,,,,
50,200,10,150,Hyb_ORC_CC,2.37,1.92,2,0.14,3,,,,,,,,,,,,,,,,
50,200,10,200,Hyb_ORC_CC,2.37,1.92,2,0.14,3,,,,,,,,,,,,,,,,
50,200,10,250,Hyb_ORC_CC,2.37,1.92,2,0.14,3,,,,,,,,,,,,,,,,
50,200,35,75,Hyb_ORC_CC,2.37,1.92,2,0.14,3,,,,,,,,,,,,,,,,
50,200,35,100,Hyb_ORC_CC,2.37,1.92,2,0.14,3,,,,,,,,,,,,,,,,
50,200,35,150,Hyb_ORC_CC,2.37,1.92,2,0.14,3,,,,,,,,,,,,,,,,
50,200,35,200,Hyb_ORC_CC,2.37,1.92,2,0.14,3,,,,,,,,,,,,,,,,
50,200,35,250,Hyb_ORC_CC,2.37,1.92,2,0.14,3,,,,,,,,,,,,,,,,
50,200,55,75,Elec_CC,4.41,0,2,0.18,4,,,,,,,,,,,,,,,,
50,200,55,100,Elec_CC,4.41,0,2,0.18,4,,,,,,,,,,,,,,,,
50,200,55,150,Elec_CC,4.41,0,2,0.18,4,,,,,,,,,,,,,,,,
50,200,55,200,Elec_CC,4.41,0,2,0.18,4,,,,,,,,,,,,,,,,
50,200,55,250,Elec_CC,4.41,0,2,0.18,4,,,,,,,,,,,,,,,,
50,200,75,75,Elec_CC,4.41,0,2,0.18,4,,,,,,,,,,,,,,,,
50,200,75,100,Elec_CC,4.41,0,2,0.18,4,,,,,,,,,,,,,,,,
50,200,75,150,Elec_CC,4.41,0,2,0.18,4,,,,,,,,,,,,,,,,
50,200,75,200,Elec_CC,4.41,0,2,0.18,4,,,,,,,,,,,,,,,,
50,200,75,250,Elec_CC,4.41,0,2,0.18,4,,,,,,,,,,,,,,,,
50,200,100,75,Elec_CC,4.41,0,2,0.18,4,,,,,,,,,,,,,,,,
50,200,100,100,Elec_CC,4.41,0,2,0.18,4,,,,,,,,,,,,,,,,
50,200,100,150,Elec_CC,4.41,0,2,0.18,4,,,,,,,,,,,,,,,,
50,200,100,200,Elec_CC,4.41,0,2,0.18,4,,,,,,,,,,,,,,,,
50,200,100,250,Elec_CC,4.41,0,2,0.18,4,,,,,,,,,,,,,,,,
75,10,10,75,H2_ORC,0.58,5.59,3,0.31,5,,,,,,,,,,,,,,,,
75,10,10,100,H2_CC,0.9,5.59,2,0.15,5,,,,,,,,,,,,,,,,
75,10,10,150,H2_CC,0.9,5.59,2,0.15,5,,,,,,,,,,,,,,,,
75,10,10,200,H2_CC,0.9,5.59,2,0.15,5,,,,,,,,,,,,,,,,
75,10,10,250,H2_CC,0.9,5.59,2,0.15,5,,,,,,,,,,,,,,,,
75,10,35,75,H2_ORC,0.58,5.59,3,0.31,5,,,,,,,,,,,,,,,,
75,10,35,100,H2_CC,0.9,5.59,2,0.15,5,,,,,,,,,,,,,,,,
75,10,35,150,H2_CC,0.9,5.59,2,0.15,5,,,,,,,,,,,,,,,,
75,10,35,200,H2_CC,0.9,5.59,2,0.15,5,,,,,,,,,,,,,,,,
75,10,35,250,H2_CC,0.9,5.59,2,0.15,5,,,,,,,,,,,,,,,,
75,10,55,75,H2_ORC,0.58,5.59,3,0.31,5,,,,,,,,,,,,,,,,
75,10,55,100,H2_CC,0.9,5.59,2,0.15,5,,,,,,,,,,,,,,,,
75,10,55,150,H2_CC,0.9,5.59,2,0.15,5,,,,,,,,,,,,,,,,
75,10,55,200,H2_CC,0.9,5.59,2,0.15,5,,,,,,,,,,,,,,,,
75,10,55,250,H2_CC,0.9,5.59,2,0.15,5,,,,,,,,,,,,,,,,
75,10,75,75,H2_ORC,0.58,5.59,3,0.31,5,,,,,,,,,,,,,,,,
75,10,75,100,H2_CC,0.9,5.59,2,0.15,5,,,,,,,,,,,,,,,,
75,10,75,150,H2_CC,0.9,5.59,2,0.15,5,,,,,,,,,,,,,,,,
75,10,75,200,H2_CC,0.9,5.59,2,0.15,5,,,,,,,,,,,,,,,,
75,10,75,250,H2_CC,0.9,5.59,2,0.15,5,,,,,,,,,,,,,,,,
75,10,100,75,H2_ORC,0.58,5.59,3,0.31,5,,,,,,,,,,,,,,,,
75,10,100,100,H2_CC,0.9,5.59,2,0.15,5,,,,,,,,,,,,,,,,
75,10,100,150,H2_CC,0.9,5.59,2,0.15,5,,,,,,,,,,,,,,,,
75,10,100,200,H2_CC,0.9,5.59,2,0.15,5,,,,,,,,,,,,,,,,
75,10,100,250,H2_CC,0.9,5.59,2,0.15,5,,,,,,,,,,,,,,,,
75,25,10,75,NG_ORC,0.58,5.34,3,0.61,1,,,,,,,,,,,,,,,,
75,25,10,100,NGOxy_ORC_CC,1.37,4.23,2,0.14,2,,,,,,,,,,,,,,,,
75,25,10,150,NGOxy_ORC_CC,1.37,4.23,2,0.14,2,,,,,,,,,,,,,,,,
75,25,10,200,NGOxy_ORC_CC,1.37,4.23,2,0.14,2,,,,,,,,,,,,,,,,
75,25,10,250,NGOxy_ORC_CC,1.37,4.23,2,0.14,2,,,,,,,,,,,,,,,,
75,25,35,75,H2_ORC,0.58,5.59,3,0.31,5,,,,,,,,,,,,,,,,
75,25,35,100,H2_CC,0.9,5.59,2,0.15,5,,,,,,,,,,,,,,,,
75,25,35,150,H2_CC,0.9,5.59,2,0.15,5,,,,,,,,,,,,,,,,
75,25,35,200,H2_CC,0.9,5.59,2,0.15,5,,,,,,,,,,,,,,,,
75,25,35,250,H2_CC,0.9,5.59,2,0.15,5,,,,,,,,,,,,,,,,
75,25,55,75,H2_ORC,0.58,5.59,3,0.31,5,,,,,,,,,,,,,,,,
75,25,55,100,H2_CC,0.9,5.59,2,0.15,5,,,,,,,,,,,,,,,,
75,25,55,150,H2_CC,0.9,5.59,2,0.15,5,,,,,,,,,,,,,,,,
75,25,55,200,H2_CC,0.9,5.59,2,0.15,5,,,,,,,,,,,,,,,,
75,25,55,250,H2_CC,0.9,5.59,2,0.15,5,,,,,,,,,,,,,,,,
75,25,75,75,H2_ORC,0.58,5.59,3,0.31,5,,,,,,,,,,,,,,,,
75,25,75,100,H2_CC,0.9,5.59,2,0.15,5,,,,,,,,,,,,,,,,
75,25,75,150,H2_CC,0.9,5.59,2,0.15,5,,,,,,,,,,,,,,,,
75,25,75,200,H2_CC,0.9,5.59,2,0.15,5,,,,,,,,,,,,,,,,
75,25,75,250,H2_CC,0.9,5.59,2,0.15,5,,,,,,,,,,,,,,,,
75,25,100,75,H2_ORC,0.58,5.59,3,0.31,5,,,,,,,,,,,,,,,,
75,25,100,100,H2_CC,0.9,5.59,2,0.15,5,,,,,,,,,,,,,,,,
75,25,100,150,H2_CC,0.9,5.59,2,0.15,5,,,,,,,,,,,,,,,,
75,25,100,200,H2_CC,0.9,5.59,2,0.15,5,,,,,,,,,,,,,,,,
75,25,100,250,H2_CC,0.9,5.59,2,0.15,5,,,,,,,,,,,,,,,,
75,50,10,75,NG_ORC,0.58,5.34,3,0.61,1,,,,,,,,,,,,,,,,
75,50,10,100,NGOxy_ORC_CC,1.37,4.23,2,0.14,2,,,,,,,,,,,,,,,,
75,50,10,150,NGOxy_ORC_CC,1.37,4.23,2,0.14,2,,,,,,,,,,,,,,,,
75,50,10,200,NGOxy_ORC_CC,1.37,4.23,2,0.14,2,,,,,,,,,,,,,,,,
75,50,10,250,NGOxy_ORC_CC,1.37,4.23,2,0.14,2,,,,,,,,,,,,,,,,
75,50,35,75,Hyb_ORC,2.01,1.92,3,0.41,3,,,,,,,,,,,,,,,,
75,50,35,100,Hyb_ORC_CC,2.37,1.92,2,0.14,3,,,,,,,,,,,,,,,,
75,50,35,150,Hyb_ORC_CC,2.37,1.92,2,0.14,3,,,,,,,,,,,,,,,,
75,50,35,200,Hyb_ORC_CC,2.37,1.92,2,0.14,3,,,,,,,,,,,,,,,,
75,50,35,250,Hyb_ORC_CC,2.37,1.92,2,0.14,3,,,,,,,,,,,,,,,,
75,50,55,75,Hyb_ORC,2.01,1.92,3,0.41,3,,,,,,,,,,,,,,,,
75,50,55,100,Hyb_ORC_CC,2.37,1.92,2,0.14,3,,,,,,,,,,,,,,,,
75,50,55,150,Hyb_ORC_CC,2.37,1.92,2,0.14,3,,,,,,,,,,,,,,,,
75,50,55,200,Hyb_ORC_CC,2.37,1.92,2,0.14,3,,,,,,,,,,,,,,,,
75,50,55,250,Hyb_ORC_CC,2.37,1.92,2,0.14,3,,,,,,,,,,,,,,,,
75,50,75,75,Elec,4.19,0,3,0.36,4,,,,,,,,,,,,,,,,
75,50,75,100,Elec_CC,4.41,0,2,0.18,4,,,,,,,,,,,,,,,,
75,50,75,150,Elec_CC,4.41,0,2,0.18,4,,,,,,,,,,,,,,,,
75,50,75,200,Elec_CC,4.41,0,2,0.18,4,,,,,,,,,,,,,,,,
75,50,75,250,Elec_CC,4.41,0,2,0.18,4,,,,,,,,,,,,,,,,
75,50,100,75,Elec,4.19,0,3,0.36,4,,,,,,,,,,,,,,,,
75,50,100,100,Elec_CC,4.41,0,2,0.18,4,,,,,,,,,,,,,,,,
75,50,100,150,Elec_CC,4.41,0,2,0.18,4,,,,,,,,,,,,,,,,
75,50,100,200,Elec_CC,4.41,0,2,0.18,4,,,,,,,,,,,,,,,,
75,50,100,250,Elec_CC,4.41,0,2,0.18,4,,,,,,,,,,,,,,,,
75,75,10,75,NG_ORC,0.58,5.34,3,0.61,1,,,,,,,,,,,,,,,,
75,75,10,100,NGOxy_ORC_CC,1.37,4.23,2,0.14,2,,,,,,,,,,,,,,,,
75,75,10,150,NGOxy_ORC_CC,1.37,4.23,2,0.14,2,,,,,,,,,,,,,,,,
75,75,10,200,NGOxy_ORC_CC,1.37,4.23,2,0.14,2,,,,,,,,,,,,,,,,
75,75,10,250,NGOxy_ORC_CC,1.37,4.23,2,0.14,2,,,,,,,,,,,,,,,,
75,75,35,75,Hyb_ORC,2.01,1.92,3,0.41,3,,,,,,,,,,,,,,,,
75,75,35,100,Hyb_ORC_CC,2.37,1.92,2,0.14,3,,,,,,,,,,,,,,,,
75,75,35,150,Hyb_ORC_CC,2.37,1.92,2,0.14,3,,,,,,,,,,,,,,,,
75,75,35,200,Hyb_ORC_CC,2.37,1.92,2,0.14,3,,,,,,,,,,,,,,,,
75,75,35,250,Hyb_ORC_CC,2.37,1.92,2,0.14,3,,,,,,,,,,,,,,,,
75,75,55,75,Hyb_ORC,2.01,1.92,3,0.41,3,,,,,,,,,,,,,,,,
75,75,55,100,Hyb_ORC_CC,2.37,1.92,2,0.14,3,,,,,,,,,,,,,,,,
75,75,55,150,Hyb_ORC_CC,2.37,1.92,2,0.14,3,,,,,,,,,,,,,,,,
75,75,55,200,Hyb_ORC_CC,2.37,1.92,2,0.14,3,,,,,,,,,,,,,,,,
75,75,55,250,Hyb_ORC_CC,2.37,1.92,2,0.14,3,,,,,,,,,,,,,,,,
75,75,75,75,Elec,4.19,0,3,0.36,4,,,,,,,,,,,,,,,,
75,75,75,100,Elec_CC,4.41,0,2,0.18,4,,,,,,,,,,,,,,,,
75,75,75,150,Elec_CC,4.41,0,2,0.18,4,,,,,,,,,,,,,,,,
75,75,75,200,Elec_CC,4.41,0,2,0.18,4,,,,,,,,,,,,,,,,
75,75,75,250,Elec_CC,4.41,0,2,0.18,4,,,,,,,,,,,,,,,,
75,75,100,75,Elec,4.19,0,3,0.36,4,,,,,,,,,,,,,,,,
75,75,100,100,Elec_CC,4.41,0,2,0.18,4,,,,,,,,,,,,,,,,
75,75,100,150,Elec_CC,4.41,0,2,0.18,4,,,,,,,,,,,,,,,,
75,75,100,200,Elec_CC,4.41,0,2,0.18,4,,,,,,,,,,,,,,,,
75,75,100,250,Elec_CC,4.41,0,2,0.18,4,,,,,,,,,,,,,,,,
75,100,10,75,NG_ORC,0.58,5.34,3,0.61,1,,,,,,,,,,,,,,,,
75,100,10,100,NGOxy_ORC_CC,1.37,4.23,2,0.14,2,,,,,,,,,,,,,,,,
75,100,10,150,NGOxy_ORC_CC,1.37,4.23,2,0.14,2,,,,,,,,,,,,,,,,
75,100,10,200,NGOxy_ORC_CC,1.37,4.23,2,0.14,2,,,,,,,,,,,,,,,,
75,100,10,250,NGOxy_ORC_CC,1.37,4.23,2,0.14,2,,,,,,,,,,,,,,,,
75,100,35,75,Hyb_ORC,2.01,1.92,3,0.41,3,,,,,,,,,,,,,,,,
75,100,35,100,Hyb_ORC_CC,2.37,1.92,2,0.14,3,,,,,,,,,,,,,,,,
75,100,35,150,Hyb_ORC_CC,2.37,1.92,2,0.14,3,,,,,,,,,,,,,,,,
75,100,35,200,Hyb_ORC_CC,2.37,1.92,2,0.14,3,,,,,,,,,,,,,,,,
75,100,35,250,Hyb_ORC_CC,2.37,1.92,2,0.14,3,,,,,,,,,,,,,,,,
75,100,55,75,Hyb_ORC,2.01,1.92,3,0.41,3,,,,,,,,,,,,,,,,
75,100,55,100,Hyb_ORC_CC,2.37,1.92,2,0.14,3,,,,,,,,,,,,,,,,
75,100,55,150,Hyb_ORC_CC,2.37,1.92,2,0.14,3,,,,,,,,,,,,,,,,
75,100,55,200,Hyb_ORC_CC,2.37,1.92,2,0.14,3,,,,,,,,,,,,,,,,
75,100,55,250,Hyb_ORC_CC,2.37,1.92,2,0.14,3,,,,,,,,,,,,,,,,
75,100,75,75,Elec,4.19,0,3,0.36,4,,,,,,,,,,,,,,,,
75,100,75,100,Elec_CC,4.41,0,2,0.18,4,,,,,,,,,,,,,,,,
75,100,75,150,Elec_CC,4.41,0,2,0.18,4,,,,,,,,,,,,,,,,
75,100,75,200,Elec_CC,4.41,0,2,0.18,4,,,,,,,,,,,,,,,,
75,100,75,250,Elec_CC,4.41,0,2,0.18,4,,,,,,,,,,,,,,,,
75,100,100,75,Elec,4.19,0,3,0.36,4,,,,,,,,,,,,,,,,
75,100,100,100,Elec_CC,4.41,0,2,0.18,4,,,,,,,,,,,,,,,,
75,100,100,150,Elec_CC,4.41,0,2,0.18,4,,,,,,,,,,,,,,,,
75,100,100,200,Elec_CC,4.41,0,2,0.18,4,,,,,,,,,,,,,,,,
75,100,100,250,Elec_CC,4.41,0,2,0.18,4,,,,,,,,,,,,,,,,
75,150,10,75,NG_ORC,0.58,5.34,3,0.61,1,,,,,,,,,,,,,,,,
75,150,10,100,NGOxy_ORC_CC,1.37,4.23,2,0.14,2,,,,,,,,,,,,,,,,
75,150,10,150,NGOxy_ORC_CC,1.37,4.23,2,0.14,2,,,,,,,,,,,,,,,,
75,150,10,200,NGOxy_ORC_CC,1.37,4.23,2,0.14,2,,,,,,,,,,,,,,,,
75,150,10,250,NGOxy_ORC_CC,1.37,4.23,2,0.14,2,,,,,,,,,,,,,,,,
75,150,35,75,Hyb_ORC,2.01,1.92,3,0.41,3,,,,,,,,,,,,,,,,
75,150,35,100,Hyb_ORC_CC,2.37,1.92,2,0.14,3,,,,,,,,,,,,,,,,
75,150,35,150,Hyb_ORC_CC,2.37,1.92,2,0.14,3,,,,,,,,,,,,,,,,
75,150,35,200,Hyb_ORC_CC,2.37,1.92,2,0.14,3,,,,,,,,,,,,,,,,
75,150,35,250,Hyb_ORC_CC,2.37,1.92,2,0.14,3,,,,,,,,,,,,,,,,
75,150,55,75,Hyb_ORC,2.01,1.92,3,0.41,3,,,,,,,,,,,,,,,,
75,150,55,100,Hyb_ORC_CC,2.37,1.92,2,0.14,3,,,,,,,,,,,,,,,,
75,150,55,150,Hyb_ORC_CC,2.37,1.92,2,0.14,3,,,,,,,,,,,,,,,,
75,150,55,200,Hyb_ORC_CC,2.37,1.92,2,0.14,3,,,,,,,,,,,,,,,,
75,150,55,250,Hyb_ORC_CC,2.37,1.92,2,0.14,3,,,,,,,,,,,,,,,,
75,150,75,75,Elec,4.19,0,3,0.36,4,,,,,,,,,,,,,,,,
75,150,75,100,Elec_CC,4.41,0,2,0.18,4,,,,,,,,,,,,,,,,
75,150,75,150,Elec_CC,4.41,0,2,0.18,4,,,,,,,,,,,,,,,,
75,150,75,200,Elec_CC,4.41,0,2,0.18,4,,,,,,,,,,,,,,,,
75,150,75,250,Elec_CC,4.41,0,2,0.18,4,,,,,,,,,,,,,,,,
75,150,100,75,Elec,4.19,0,3,0.36,4,,,,,,,,,,,,,,,,
75,150,100,100,Elec_CC,4.41,0,2,0.18,4,,,,,,,,,,,,,,,,
75,150,100,150,Elec_CC,4.41,0,2,0.18,4,,,,,,,,,,,,,,,,
75,150,100,200,Elec_CC,4.41,0,2,0.18,4,,,,,,,,,,,,,,,,
75,150,100,250,Elec_CC,4.41,0,2,0.18,4,,,,,,,,,,,,,,,,
75,200,10,75,NG_ORC,0.58,5.34,3,0.61,1,,,,,,,,,,,,,,,,
75,200,10,100,NGOxy_ORC_CC,1.37,4.23,2,0.14,2,,,,,,,,,,,,,,,,
75,200,10,150,NGOxy_ORC_CC,1.37,4.23,2,0.14,2,,,,,,,,,,,,,,,,
75,200,10,200,NGOxy_ORC_CC,1.37,4.23,2,0.14,2,,,,,,,,,,,,,,,,
75,200,10,250,NGOxy_ORC_CC,1.37,4.23,2,0.14,2,,,,,,,,,,,,,,,,
75,200,35,75,Hyb_ORC,2.01,1.92,3,0.41,3,,,,,,,,,,,,,,,,
75,200,35,100,Hyb_ORC_CC,2.37,1.92,2,0.14,3,,,,,,,,,,,,,,,,
75,200,35,150,Hyb_ORC_CC,2.37,1.92,2,0.14,3,,,,,,,,,,,,,,,,
75,200,35,200,Hyb_ORC_CC,2.37,1.92,2,0.14,3,,,,,,,,,,,,,,,,
75,200,35,250,Hyb_ORC_CC,2.37,1.92,2,0.14,3,,,,,,,,,,,,,,,,
75,200,55,75,Hyb_ORC,2.01,1.92,3,0.41,3,,,,,,,,,,,,,,,,
75,200,55,100,Hyb_ORC_CC,2.37,1.92,2,0.14,3,,,,,,,,,,,,,,,,
75,200,55,150,Hyb_ORC_CC,2.37,1.92,2,0.14,3,,,,,,,,,,,,,,,,
75,200,55,200,Hyb_ORC_CC,2.37,1.92,2,0.14,3,,,,,,,,,,,,,,,,
75,200,55,250,Hyb_ORC_CC,2.37,1.92,2,0.14,3,,,,,,,,,,,,,,,,
75,200,75,75,Elec,4.19,0,3,0.36,4,,,,,,,,,,,,,,,,
75,200,75,100,Elec_CC,4.41,0,2,0.18,4,,,,,,,,,,,,,,,,
75,200,75,150,Elec_CC,4.41,0,2,0.18,4,,,,,,,,,,,,,,,,
75,200,75,200,Elec_CC,4.41,0,2,0.18,4,,,,,,,,,,,,,,,,
75,200,75,250,Elec_CC,4.41,0,2,0.18,4,,,,,,,,,,,,,,,,
75,200,100,75,Elec,4.19,0,3,0.36,4,,,,,,,,,,,,,,,,
75,200,100,100,Elec_CC,4.41,0,2,0.18,4,,,,,,,,,,,,,,,,
75,200,100,150,Elec_CC,4.41,0,2,0.18,4,,,,,,,,,,,,,,,,
75,200,100,200,Elec_CC,4.41,0,2,0.18,4,,,,,,,,,,,,,,,,
75,200,100,250,Elec_CC,4.41,0,2,0.18,4,,,,,,,,,,,,,,,,
100,10,10,75,H2_ORC,0.58,5.59,3,0.31,5,,,,,,,,,,,,,,,,
100,10,10,100,H2_ORC,0.58,5.59,3,0.31,5,,,,,,,,,,,,,,,,
100,10,10,150,H2_CC,0.9,5.59,2,0.15,5,,,,,,,,,,,,,,,,
100,10,10,200,H2_CC,0.9,5.59,2,0.15,5,,,,,,,,,,,,,,,,
100,10,10,250,H2_CC,0.9,5.59,2,0.15,5,,,,,,,,,,,,,,,,
100,10,35,75,H2_ORC,0.58,5.59,3,0.31,5,,,,,,,,,,,,,,,,
100,10,35,100,H2_ORC,0.58,5.59,3,0.31,5,,,,,,,,,,,,,,,,
100,10,35,150,H2_CC,0.9,5.59,2,0.15,5,,,,,,,,,,,,,,,,
100,10,35,200,H2_CC,0.9,5.59,2,0.15,5,,,,,,,,,,,,,,,,
100,10,35,250,H2_CC,0.9,5.59,2,0.15,5,,,,,,,,,,,,,,,,
100,10,55,75,H2_ORC,0.58,5.59,3,0.31,5,,,,,,,,,,,,,,,,
100,10,55,100,H2_ORC,0.58,5.59,3,0.31,5,,,,,,,,,,,,,,,,
100,10,55,150,H2_CC,0.9,5.59,2,0.15,5,,,,,,,,,,,,,,,,
100,10,55,200,H2_CC,0.9,5.59,2,0.15,5,,,,,,,,,,,,,,,,
100,10,55,250,H2_CC,0.9,5.59,2,0.15,5,,,,,,,,,,,,,,,,
100,10,75,75,H2_ORC,0.58,5.59,3,0.31,5,,,,,,,,,,,,,,,,
100,10,75,100,H2_ORC,0.58,5.59,3,0.31,5,,,,,,,,,,,,,,,,
100,10,75,150,H2_CC,0.9,5.59,2,0.15,5,,,,,,,,,,,,,,,,
100,10,75,200,H2_CC,0.9,5.59,2,0.15,5,,,,,,,,,,,,,,,,
100,10,75,250,H2_CC,0.9,5.59,2,0.15,5,,,,,,,,,,,,,,,,
100,10,100,75,H2_ORC,0.58,5.59,3,0.31,5,,,,,,,,,,,,,,,,
100,10,100,100,H2_ORC,0.58,5.59,3,0.31,5,,,,,,,,,,,,,,,,
100,10,100,150,H2_CC,0.9,5.59,2,0.15,5,,,,,,,,,,,,,,,,
100,10,100,200,H2_CC,0.9,5.59,2,0.15,5,,,,,,,,,,,,,,,,
100,10,100,250,H2_CC,0.9,5.59,2,0.15,5,,,,,,,,,,,,,,,,
100,25,10,75,NG_ORC,0.58,5.34,3,0.61,1,,,,,,,,,,,,,,,,
100,25,10,100,H2_ORC,0.58,5.59,3,0.31,5,,,,,,,,,,,,,,,,
100,25,10,150,H2_CC,0.9,5.59,2,0.15,5,,,,,,,,,,,,,,,,
100,25,10,200,H2_CC,0.9,5.59,2,0.15,5,,,,,,,,,,,,,,,,
100,25,10,250,H2_CC,0.9,5.59,2,0.15,5,,,,,,,,,,,,,,,,
100,25,35,75,H2_ORC,0.58,5.59,3,0.31,5,,,,,,,,,,,,,,,,
100,25,35,100,H2_ORC,0.58,5.59,3,0.31,5,,,,,,,,,,,,,,,,
100,25,35,150,H2_CC,0.9,5.59,2,0.15,5,,,,,,,,,,,,,,,,
100,25,35,200,H2_CC,0.9,5.59,2,0.15,5,,,,,,,,,,,,,,,,
100,25,35,250,H2_CC,0.9,5.59,2,0.15,5,,,,,,,,,,,,,,,,
100,25,55,75,H2_ORC,0.58,5.59,3,0.31,5,,,,,,,,,,,,,,,,
100,25,55,100,H2_ORC,0.58,5.59,3,0.31,5,,,,,,,,,,,,,,,,
100,25,55,150,H2_CC,0.9,5.59,2,0.15,5,,,,,,,,,,,,,,,,
100,25,55,200,H2_CC,0.9,5.59,2,0.15,5,,,,,,,,,,,,,,,,
100,25,55,250,H2_CC,0.9,5.59,2,0.15,5,,,,,,,,,,,,,,,,
100,25,75,75,H2_ORC,0.58,5.59,3,0.31,5,,,,,,,,,,,,,,,,
100,25,75,100,H2_ORC,0.58,5.59,3,0.31,5,,,,,,,,,,,,,,,,
100,25,75,150,H2_CC,0.9,5.59,2,0.15,5,,,,,,,,,,,,,,,,
100,25,75,200,H2_CC,0.9,5.59,2,0.15,5,,,,,,,,,,,,,,,,
100,25,75,250,H2_CC,0.9,5.59,2,0.15,5,,,,,,,,,,,,,,,,
100,25,100,75,H2_ORC,0.58,5.59,3,0.31,5,,,,,,,,,,,,,,,,
100,25,100,100,H2_ORC,0.58,5.59,3,0.31,5,,,,,,,,,,,,,,,,
100,25,100,150,H2_CC,0.9,5.59,2,0.15,5,,,,,,,,,,,,,,,,
100,25,100,200,H2_CC,0.9,5.59,2,0.15,5,,,,,,,,,,,,,,,,
100,25,100,250,H2_CC,0.9,5.59,2,0.15,5,,,,,,,,,,,,,,,,
100,50,10,75,NG_ORC,0.58,5.34,3,0.61,1,,,,,,,,,,,,,,,,
100,50,10,100,NG_ORC,0.58,5.34,3,0.61,1,,,,,,,,,,,,,,,,
100,50,10,150,NGOxy_ORC_CC,1.37,4.23,2,0.14,2,,,,,,,,,,,,,,,,
100,50,10,200,NGOxy_ORC_CC,1.37,4.23,2,0.14,2,,,,,,,,,,,,,,,,
100,50,10,250,NGOxy_ORC_CC,1.37,4.23,2,0.14,2,,,,,,,,,,,,,,,,
100,50,35,75,Hyb_ORC,2.01,1.92,3,0.41,3,,,,,,,,,,,,,,,,
100,50,35,100,Hyb_ORC_CC,2.37,1.92,2,0.14,3,,,,,,,,,,,,,,,,
100,50,35,150,Hyb_ORC_CC,2.37,1.92,2,0.14,3,,,,,,,,,,,,,,,,
100,50,35,200,Hyb_ORC_CC,2.37,1.92,2,0.14,3,,,,,,,,,,,,,,,,
100,50,35,250,Hyb_ORC_CC,2.37,1.92,2,0.14,3,,,,,,,,,,,,,,,,
100,50,55,75,H2_ORC,0.58,5.59,3,0.31,5,,,,,,,,,,,,,,,,
100,50,55,100,H2_ORC,0.58,5.59,3,0.31,5,,,,,,,,,,,,,,,,
100,50,55,150,Hyb_ORC_CC,2.37,1.92,2,0.14,3,,,,,,,,,,,,,,,,
100,50,55,200,Hyb_ORC_CC,2.37,1.92,2,0.14,3,,,,,,,,,,,,,,,,
100,50,55,250,Hyb_ORC_CC,2.37,1.92,2,0.14,3,,,,,,,,,,,,,,,,
100,50,75,75,H2_ORC,0.58,5.59,3,0.31,5,,,,,,,,,,,,,,,,
100,50,75,100,H2_ORC,0.58,5.59,3,0.31,5,,,,,,,,,,,,,,,,
100,50,75,150,H2_CC,0.9,5.59,2,0.15,5,,,,,,,,,,,,,,,,
100,50,75,200,H2_CC,0.9,5.59,2,0.15,5,,,,,,,,,,,,,,,,
100,50,75,250,H2_CC,0.9,5.59,2,0.15,5,,,,,,,,,,,,,,,,
100,50,100,75,H2_ORC,0.58,5.59,3,0.31,5,,,,,,,,,,,,,,,,
100,50,100,100,H2_ORC,0.58,5.59,3,0.31,5,,,,,,,,,,,,,,,,
100,50,100,150,H2_CC,0.9,5.59,2,0.15,5,,,,,,,,,,,,,,,,
100,50,100,200,H2_CC,0.9,5.59,2,0.15,5,,,,,,,,,,,,,,,,
100,50,100,250,H2_CC,0.9,5.59,2,0.15,5,,,,,,,,,,,,,,,,
100,75,10,75,NG_ORC,0.58,5.34,3,0.61,1,,,,,,,,,,,,,,,,
100,75,10,100,NG_ORC,0.58,5.34,3,0.61,1,,,,,,,,,,,,,,,,
100,75,10,150,NGOxy_ORC_CC,1.37,4.23,2,0.14,2,,,,,,,,,,,,,,,,
100,75,10,200,NGOxy_ORC_CC,1.37,4.23,2,0.14,2,,,,,,,,,,,,,,,,
100,75,10,250,NGOxy_ORC_CC,1.37,4.23,2,0.14,2,,,,,,,,,,,,,,,,
100,75,35,75,Hyb_ORC,2.01,1.92,3,0.41,3,,,,,,,,,,,,,,,,
100,75,35,100,Hyb_ORC_CC,2.37,1.92,2,0.14,3,,,,,,,,,,,,,,,,
100,75,35,150,Hyb_ORC_CC,2.37,1.92,2,0.14,3,,,,,,,,,,,,,,,,
100,75,35,200,Hyb_ORC_CC,2.37,1.92,2,0.14,3,,,,,,,,,,,,,,,,
100,75,35,250,Hyb_ORC_CC,2.37,1.92,2,0.14,3,,,,,,,,,,,,,,,,
100,75,55,75,Hyb_ORC,2.01,1.92,3,0.41,3,,,,,,,,,,,,,,,,
100,75,55,100,Hyb_ORC_CC,2.37,1.92,2,0.14,3,,,,,,,,,,,,,,,,
100,75,55,150,Hyb_ORC_CC,2.37,1.92,2,0.14,3,,,,,,,,,,,,,,,,
100,75,55,200,Hyb_ORC_CC,2.37,1.92,2,0.14,3,,,,,,,,,,,,,,,,
100,75,55,250,Hyb_ORC_CC,2.37,1.92,2,0.14,3,,,,,,,,,,,,,,,,
100,75,75,75,Hyb_ORC,2.01,1.92,3,0.41,3,,,,,,,,,,,,,,,,
100,75,75,100,Hyb_ORC_CC,2.37,1.92,2,0.14,3,,,,,,,,,,,,,,,,
100,75,75,150,Hyb_ORC_CC,2.37,1.92,2,0.14,3,,,,,,,,,,,,,,,,
100,75,75,200,Hyb_ORC_CC,2.37,1.92,2,0.14,3,,,,,,,,,,,,,,,,
100,75,75,250,Hyb_ORC_CC,2.37,1.92,2,0.14,3,,,,,,,,,,,,,,,,
100,75,100,75,Elec,4.19,0,3,0.36,4,,,,,,,,,,,,,,,,
100,75,100,100,Elec_CC,4.41,0,2,0.18,4,,,,,,,,,,,,,,,,
100,75,100,150,Elec_CC,4.41,0,2,0.18,4,,,,,,,,,,,,,,,,
100,75,100,200,Elec_CC,4.41,0,2,0.18,4,,,,,,,,,,,,,,,,
100,75,100,250,Elec_CC,4.41,0,2,0.18,4,,,,,,,,,,,,,,,,
100,100,10,75,NG_ORC,0.58,5.34,3,0.61,1,,,,,,,,,,,,,,,,
100,100,10,100,NG_ORC,0.58,5.34,3,0.61,1,,,,,,,,,,,,,,,,
100,100,10,150,NGOxy_ORC_CC,1.37,4.23,2,0.14,2,,,,,,,,,,,,,,,,
100,100,10,200,NGOxy_ORC_CC,1.37,4.23,2,0.14,2,,,,,,,,,,,,,,,,
100,100,10,250,NGOxy_ORC_CC,1.37,4.23,2,0.14,2,,,,,,,,,,,,,,,,
100,100,35,75,Hyb_ORC,2.01,1.92,3,0.41,3,,,,,,,,,,,,,,,,
100,100,35,100,Hyb_ORC_CC,2.37,1.92,2,0.14,3,,,,,,,,,,,,,,,,
100,100,35,150,Hyb_ORC_CC,2.37,1.92,2,0.14,3,,,,,,,,,,,,,,,,
100,100,35,200,Hyb_ORC_CC,2.37,1.92,2,0.14,3,,,,,,,,,,,,,,,,
100,100,35,250,Hyb_ORC_CC,2.37,1.92,2,0.14,3,,,,,,,,,,,,,,,,
100,100,55,75,Hyb_ORC,2.01,1.92,3,0.41,3,,,,,,,,,,,,,,,,
100,100,55,100,Hyb_ORC_CC,2.37,1.92,2,0.14,3,,,,,,,,,,,,,,,,
100,100,55,150,Hyb_ORC_CC,2.37,1.92,2,0.14,3,,,,,,,,,,,,,,,,
100,100,55,200,Hyb_ORC_CC,2.37,1.92,2,0.14,3,,,,,,,,,,,,,,,,
100,100,55,250,Hyb_ORC_CC,2.37,1.92,2,0.14,3,,,,,,,,,,,,,,,,
100,100,75,75,Hyb_ORC,2.01,1.92,3,0.41,3,,,,,,,,,,,,,,,,
100,100,75,100,Hyb_ORC_CC,2.37,1.92,2,0.14,3,,,,,,,,,,,,,,,,
100,100,75,150,Hyb_ORC_CC,2.37,1.92,2,0.14,3,,,,,,,,,,,,,,,,
100,100,75,200,Hyb_ORC_CC,2.37,1.92,2,0.14,3,,,,,,,,,,,,,,,,
100,100,75,250,Hyb_ORC_CC,2.37,1.92,2,0.14,3,,,,,,,,,,,,,,,,
100,100,100,75,Elec,4.19,0,3,0.36,4,,,,,,,,,,,,,,,,
100,100,100,100,Elec_CC,4.41,0,2,0.18,4,,,,,,,,,,,,,,,,
100,100,100,150,Elec_CC,4.41,0,2,0.18,4,,,,,,,,,,,,,,,,
100,100,100,200,Elec_CC,4.41,0,2,0.18,4,,,,,,,,,,,,,,,,
100,100,100,250,Elec_CC,4.41,0,2,0.18,4,,,,,,,,,,,,,,,,
100,150,10,75,NG_ORC,0.58,5.34,3,0.61,1,,,,,,,,,,,,,,,,
100,150,10,100,NG_ORC,0.58,5.34,3,0.61,1,,,,,,,,,,,,,,,,
100,150,10,150,NGOxy_ORC_CC,1.37,4.23,2,0.14,2,,,,,,,,,,,,,,,,
100,150,10,200,NGOxy_ORC_CC,1.37,4.23,2,0.14,2,,,,,,,,,,,,,,,,
100,150,10,250,NGOxy_ORC_CC,1.37,4.23,2,0.14,2,,,,,,,,,,,,,,,,
100,150,35,75,Hyb_ORC,2.01,1.92,3,0.41,3,,,,,,,,,,,,,,,,
100,150,35,100,Hyb_ORC_CC,2.37,1.92,2,0.14,3,,,,,,,,,,,,,,,,
100,150,35,150,Hyb_ORC_CC,2.37,1.92,2,0.14,3,,,,,,,,,,,,,,,,
100,150,35,200,Hyb_ORC_CC,2.37,1.92,2,0.14,3,,,,,,,,,,,,,,,,
100,150,35,250,Hyb_ORC_CC,2.37,1.92,2,0.14,3,,,,,,,,,,,,,,,,
100,150,55,75,Hyb_ORC,2.01,1.92,3,0.41,3,,,,,,,,,,,,,,,,
100,150,55,100,Hyb_ORC_CC,2.37,1.92,2,0.14,3,,,,,,,,,,,,,,,,
100,150,55,150,Hyb_ORC_CC,2.37,1.92,2,0.14,3,,,,,,,,,,,,,,,,
100,150,55,200,Hyb_ORC_CC,2.37,1.92,2,0.14,3,,,,,,,,,,,,,,,,
100,150,55,250,Hyb_ORC_CC,2.37,1.92,2,0.14,3,,,,,,,,,,,,,,,,
100,150,75,75,Hyb_ORC,2.01,1.92,3,0.41,3,,,,,,,,,,,,,,,,
100,150,75,100,Hyb_ORC_CC,2.37,1.92,2,0.14,3,,,,,,,,,,,,,,,,
100,150,75,150,Hyb_ORC_CC,2.37,1.92,2,0.14,3,,,,,,,,,,,,,,,,
100,150,75,200,Hyb_ORC_CC,2.37,1.92,2,0.14,3,,,,,,,,,,,,,,,,
100,150,75,250,Hyb_ORC_CC,2.37,1.92,2,0.14,3,,,,,,,,,,,,,,,,
100,150,100,75,Elec,4.19,0,3,0.36,4,,,,,,,,,,,,,,,,
100,150,100,100,Elec_CC,4.41,0,2,0.18,4,,,,,,,,,,,,,,,,
100,150,100,150,Elec_CC,4.41,0,2,0.18,4,,,,,,,,,,,,,,,,
100,150,100,200,Elec_CC,4.41,0,2,0.18,4,,,,,,,,,,,,,,,,
100,150,100,250,Elec_CC,4.41,0,2,0.18,4,,,,,,,,,,,,,,,,
100,200,10,75,NG_ORC,0.58,5.34,3,0.61,1,,,,,,,,,,,,,,,,
100,200,10,100,NG_ORC,0.58,5.34,3,0.61,1,,,,,,,,,,,,,,,,
100,200,10,150,NGOxy_ORC_CC,1.37,4.23,2,0.14,2,,,,,,,,,,,,,,,,
100,200,10,200,NGOxy_ORC_CC,1.37,4.23,2,0.14,2,,,,,,,,,,,,,,,,
100,200,10,250,NGOxy_ORC_CC,1.37,4.23,2,0.14,2,,,,,,,,,,,,,,,,
100,200,35,75,Hyb_ORC,2.01,1.92,3,0.41,3,,,,,,,,,,,,,,,,
100,200,35,100,Hyb_ORC_CC,2.37,1.92,2,0.14,3,,,,,,,,,,,,,,,,
100,200,35,150,Hyb_ORC_CC,2.37,1.92,2,0.14,3,,,,,,,,,,,,,,,,
100,200,35,200,Hyb_ORC_CC,2.37,1.92,2,0.14,3,,,,,,,,,,,,,,,,
100,200,35,250,Hyb_ORC_CC,2.37,1.92,2,0.14,3,,,,,,,,,,,,,,,,
100,200,55,75,Hyb_ORC,2.01,1.92,3,0.41,3,,,,,,,,,,,,,,,,
100,200,55,100,Hyb_ORC_CC,2.37,1.92,2,0.14,3,,,,,,,,,,,,,,,,
100,200,55,150,Hyb_ORC_CC,2.37,1.92,2,0.14,3,,,,,,,,,,,,,,,,
100,200,55,200,Hyb_ORC_CC,2.37,1.92,2,0.14,3,,,,,,,,,,,,,,,,
100,200,55,250,Hyb_ORC_CC,2.37,1.92,2,0.14,3,,,,,,,,,,,,,,,,
100,200,75,75,Hyb_ORC,2.01,1.92,3,0.41,3,,,,,,,,,,,,,,,,
100,200,75,100,Hyb_ORC_CC,2.37,1.92,2,0.14,3,,,,,,,,,,,,,,,,
100,200,75,150,Hyb_ORC_CC,2.37,1.92,2,0.14,3,,,,,,,,,,,,,,,,
100,200,75,200,Hyb_ORC_CC,2.37,1.92,2,0.14,3,,,,,,,,,,,,,,,,
100,200,75,250,Hyb_ORC_CC,2.37,1.92,2,0.14,3,,,,,,,,,,,,,,,,
100,200,100,75,Elec,4.19,0,3,0.36,4,,,,,,,,,,,,,,,,
100,200,100,100,Elec_CC,4.41,0,2,0.18,4,,,,,,,,,,,,,,,,
100,200,100,150,Elec_CC,4.41,0,2,0.18,4,,,,,,,,,,,,,,,,
100,200,100,200,Elec_CC,4.41,0,2,0.18,4,,,,,,,,,,,,,,,,
100,200,100,250,Elec_CC,4.41,0,2,0.18,4,,,,,,,,,,,,,,,,
125,10,10,75,H2_ORC,0.58,5.59,3,0.31,5,,,,,,,,,,,,,,,,
125,10,10,100,H2_ORC,0.58,5.59,3,0.31,5,,,,,,,,,,,,,,,,
125,10,10,150,H2_CC,0.9,5.59,2,0.15,5,,,,,,,,,,,,,,,,
125,10,10,200,H2_CC,0.9,5.59,2,0.15,5,,,,,,,,,,,,,,,,
125,10,10,250,H2_CC,0.9,5.59,2,0.15,5,,,,,,,,,,,,,,,,
125,10,35,75,H2_ORC,0.58,5.59,3,0.31,5,,,,,,,,,,,,,,,,
125,10,35,100,H2_ORC,0.58,5.59,3,0.31,5,,,,,,,,,,,,,,,,
125,10,35,150,H2_CC,0.9,5.59,2,0.15,5,,,,,,,,,,,,,,,,
125,10,35,200,H2_CC,0.9,5.59,2,0.15,5,,,,,,,,,,,,,,,,
125,10,35,250,H2_CC,0.9,5.59,2,0.15,5,,,,,,,,,,,,,,,,
125,10,55,75,H2_ORC,0.58,5.59,3,0.31,5,,,,,,,,,,,,,,,,
125,10,55,100,H2_ORC,0.58,5.59,3,0.31,5,,,,,,,,,,,,,,,,
125,10,55,150,H2_CC,0.9,5.59,2,0.15,5,,,,,,,,,,,,,,,,
125,10,55,200,H2_CC,0.9,5.59,2,0.15,5,,,,,,,,,,,,,,,,
125,10,55,250,H2_CC,0.9,5.59,2,0.15,5,,,,,,,,,,,,,,,,
125,10,75,75,H2_ORC,0.58,5.59,3,0.31,5,,,,,,,,,,,,,,,,
125,10,75,100,H2_ORC,0.58,5.59,3,0.31,5,,,,,,,,,,,,,,,,
125,10,75,150,H2_CC,0.9,5.59,2,0.15,5,,,,,,,,,,,,,,,,
125,10,75,200,H2_CC,0.9,5.59,2,0.15,5,,,,,,,,,,,,,,,,
125,10,75,250,H2_CC,0.9,5.59,2,0.15,5,,,,,,,,,,,,,,,,
125,10,100,75,H2_ORC,0.58,5.59,3,0.31,5,,,,,,,,,,,,,,,,
125,10,100,100,H2_ORC,0.58,5.59,3,0.31,5,,,,,,,,,,,,,,,,
125,10,100,150,H2_CC,0.9,5.59,2,0.15,5,,,,,,,,,,,,,,,,
125,10,100,200,H2_CC,0.9,5.59,2,0.15,5,,,,,,,,,,,,,,,,
125,10,100,250,H2_CC,0.9,5.59,2,0.15,5,,,,,,,,,,,,,,,,
125,25,10,75,NG_ORC,0.58,5.34,3,0.61,1,,,,,,,,,,,,,,,,
125,25,10,100,H2_ORC,0.58,5.59,3,0.31,5,,,,,,,,,,,,,,,,
125,25,10,150,H2_CC,0.9,5.59,2,0.15,5,,,,,,,,,,,,,,,,
125,25,10,200,H2_CC,0.9,5.59,2,0.15,5,,,,,,,,,,,,,,,,
125,25,10,250,H2_CC,0.9,5.59,2,0.15,5,,,,,,,,,,,,,,,,
125,25,35,75,H2_ORC,0.58,5.59,3,0.31,5,,,,,,,,,,,,,,,,
125,25,35,100,H2_ORC,0.58,5.59,3,0.31,5,,,,,,,,,,,,,,,,
125,25,35,150,H2_CC,0.9,5.59,2,0.15,5,,,,,,,,,,,,,,,,
125,25,35,200,H2_CC,0.9,5.59,2,0.15,5,,,,,,,,,,,,,,,,
125,25,35,250,H2_CC,0.9,5.59,2,0.15,5,,,,,,,,,,,,,,,,
125,25,55,75,H2_ORC,0.58,5.59,3,0.31,5,,,,,,,,,,,,,,,,
125,25,55,100,H2_ORC,0.58,5.59,3,0.31,5,,,,,,,,,,,,,,,,
125,25,55,150,H2_CC,0.9,5.59,2,0.15,5,,,,,,,,,,,,,,,,
125,25,55,200,H2_CC,0.9,5.59,2,0.15,5,,,,,,,,,,,,,,,,
125,25,55,250,H2_CC,0.9,5.59,2,0.15,5,,,,,,,,,,,,,,,,
125,25,75,75,H2_ORC,0.58,5.59,3,0.31,5,,,,,,,,,,,,,,,,
125,25,75,100,H2_ORC,0.58,5.59,3,0.31,5,,,,,,,,,,,,,,,,
125,25,75,150,H2_CC,0.9,5.59,2,0.15,5,,,,,,,,,,,,,,,,
125,25,75,200,H2_CC,0.9,5.59,2,0.15,5,,,,,,,,,,,,,,,,
125,25,75,250,H2_CC,0.9,5.59,2,0.15,5,,,,,,,,,,,,,,,,
125,25,100,75,H2_ORC,0.58,5.59,3,0.31,5,,,,,,,,,,,,,,,,
125,25,100,100,H2_ORC,0.58,5.59,3,0.31,5,,,,,,,,,,,,,,,,
125,25,100,150,H2_CC,0.9,5.59,2,0.15,5,,,,,,,,,,,,,,,,
125,25,100,200,H2_CC,0.9,5.59,2,0.15,5,,,,,,,,,,,,,,,,
125,25,100,250,H2_CC,0.9,5.59,2,0.15,5,,,,,,,,,,,,,,,,
125,50,10,75,NG_ORC,0.58,5.34,3,0.61,1,,,,,,,,,,,,,,,,
125,50,10,100,NG_ORC,0.58,5.34,3,0.61,1,,,,,,,,,,,,,,,,
125,50,10,150,NGOxy_ORC_CC,1.37,4.23,2,0.14,2,,,,,,,,,,,,,,,,
125,50,10,200,NGOxy_ORC_CC,1.37,4.23,2,0.14,2,,,,,,,,,,,,,,,,
125,50,10,250,NGOxy_ORC_CC,1.37,4.23,2,0.14,2,,,,,,,,,,,,,,,,
125,50,35,75,NG_ORC,0.58,5.34,3,0.61,1,,,,,,,,,,,,,,,,
125,50,35,100,NGOxy_ORC,0.86,4.23,3,0.54,2,,,,,,,,,,,,,,,,
125,50,35,150,NGOxy_ORC_CC,1.37,4.23,2,0.14,2,,,,,,,,,,,,,,,,
125,50,35,200,NGOxy_ORC_CC,1.37,4.23,2,0.14,2,,,,,,,,,,,,,,,,
125,50,35,250,NGOxy_ORC_CC,1.37,4.23,2,0.14,2,,,,,,,,,,,,,,,,
125,50,55,75,H2_ORC,0.58,5.59,3,0.31,5,,,,,,,,,,,,,,,,
125,50,55,100,H2_ORC,0.58,5.59,3,0.31,5,,,,,,,,,,,,,,,,
125,50,55,150,H2_CC,0.9,5.59,2,0.15,5,,,,,,,,,,,,,,,,
125,50,55,200,H2_CC,0.9,5.59,2,0.15,5,,,,,,,,,,,,,,,,
125,50,55,250,H2_CC,0.9,5.59,2,0.15,5,,,,,,,,,,,,,,,,
125,50,75,75,H2_ORC,0.58,5.59,3,0.31,5,,,,,,,,,,,,,,,,
125,50,75,100,H2_ORC,0.58,5.59,3,0.31,5,,,,,,,,,,,,,,,,
125,50,75,150,H2_CC,0.9,5.59,2,0.15,5,,,,,,,,,,,,,,,,
125,50,75,200,H2_CC,0.9,5.59,2,0.15,5,,,,,,,,,,,,,,,,
125,50,75,250,H2_CC,0.9,5.59,2,0.15,5,,,,,,,,,,,,,,,,
125,50,100,75,H2_ORC,0.58,5.59,3,0.31,5,,,,,,,,,,,,,,,,
125,50,100,100,H2_ORC,0.58,5.59,3,0.31,5,,,,,,,,,,,,,,,,
125,50,100,150,H2_CC,0.9,5.59,2,0.15,5,,,,,,,,,,,,,,,,
125,50,100,200,H2_CC,0.9,5.59,2,0.15,5,,,,,,,,,,,,,,,,
125,50,100,250,H2_CC,0.9,5.59,2,0.15,5,,,,,,,,,,,,,,,,
125,75,10,75,NG_ORC,0.58,5.34,3,0.61,1,,,,,,,,,,,,,,,,
125,75,10,100,NG_ORC,0.58,5.34,3,0.61,1,,,,,,,,,,,,,,,,
125,75,10,150,NGOxy_ORC_CC,1.37,4.23,2,0.14,2,,,,,,,,,,,,,,,,
125,75,10,200,NGOxy_ORC_CC,1.37,4.23,2,0.14,2,,,,,,,,,,,,,,,,
125,75,10,250,NGOxy_ORC_CC,1.37,4.23,2,0.14,2,,,,,,,,,,,,,,,,
125,75,35,75,NG_ORC,0.58,5.34,3,0.61,1,,,,,,,,,,,,,,,,
125,75,35,100,NGOxy_ORC,0.86,4.23,3,0.54,2,,,,,,,,,,,,,,,,
125,75,35,150,NGOxy_ORC_CC,1.37,4.23,2,0.14,2,,,,,,,,,,,,,,,,
125,75,35,200,NGOxy_ORC_CC,1.37,4.23,2,0.14,2,,,,,,,,,,,,,,,,
125,75,35,250,NGOxy_ORC_CC,1.37,4.23,2,0.14,2,,,,,,,,,,,,,,,,
125,75,55,75,Hyb_ORC,2.01,1.92,3,0.41,3,,,,,,,,,,,,,,,,
125,75,55,100,Hyb_ORC,2.01,1.92,3,0.41,3,,,,,,,,,,,,,,,,
125,75,55,150,Hyb_ORC_CC,2.37,1.92,2,0.14,3,,,,,,,,,,,,,,,,
125,75,55,200,Hyb_ORC_CC,2.37,1.92,2,0.14,3,,,,,,,,,,,,,,,,
125,75,55,250,Hyb_ORC_CC,2.37,1.92,2,0.14,3,,,,,,,,,,,,,,,,
125,75,75,75,Hyb_ORC,2.01,1.92,3,0.41,3,,,,,,,,,,,,,,,,
125,75,75,100,Hyb_ORC,2.01,1.92,3,0.41,3,,,,,,,,,,,,,,,,
125,75,75,150,Hyb_ORC_CC,2.37,1.92,2,0.14,3,,,,,,,,,,,,,,,,
125,75,75,200,Hyb_ORC_CC,2.37,1.92,2,0.14,3,,,,,,,,,,,,,,,,
125,75,75,250,Hyb_ORC_CC,2.37,1.92,2,0.14,3,,,,,,,,,,,,,,,,
125,75,100,75,Hyb_ORC,2.01,1.92,3,0.41,3,,,,,,,,,,,,,,,,
125,75,100,100,Hyb_ORC,2.01,1.92,3,0.41,3,,,,,,,,,,,,,,,,
125,75,100,150,Hyb_ORC_CC,2.37,1.92,2,0.14,3,,,,,,,,,,,,,,,,
125,75,100,200,Hyb_ORC_CC,2.37,1.92,2,0.14,3,,,,,,,,,,,,,,,,
125,75,100,250,Hyb_ORC_CC,2.37,1.92,2,0.14,3,,,,,,,,,,,,,,,,
125,100,10,75,NG_ORC,0.58,5.34,3,0.61,1,,,,,,,,,,,,,,,,
125,100,10,100,NG_ORC,0.58,5.34,3,0.61,1,,,,,,,,,,,,,,,,
125,100,10,150,NGOxy_ORC_CC,1.37,4.23,2,0.14,2,,,,,,,,,,,,,,,,
125,100,10,200,NGOxy_ORC_CC,1.37,4.23,2,0.14,2,,,,,,,,,,,,,,,,
125,100,10,250,NGOxy_ORC_CC,1.37,4.23,2,0.14,2,,,,,,,,,,,,,,,,
125,100,35,75,NG_ORC,0.58,5.34,3,0.61,1,,,,,,,,,,,,,,,,
125,100,35,100,NGOxy_ORC,0.86,4.23,3,0.54,2,,,,,,,,,,,,,,,,
125,100,35,150,NGOxy_ORC_CC,1.37,4.23,2,0.14,2,,,,,,,,,,,,,,,,
125,100,35,200,NGOxy_ORC_CC,1.37,4.23,2,0.14,2,,,,,,,,,,,,,,,,
125,100,35,250,NGOxy_ORC_CC,1.37,4.23,2,0.14,2,,,,,,,,,,,,,,,,
125,100,55,75,Hyb_ORC,2.01,1.92,3,0.41,3,,,,,,,,,,,,,,,,
125,100,55,100,Hyb_ORC,2.01,1.92,3,0.41,3,,,,,,,,,,,,,,,,
125,100,55,150,Hyb_ORC_CC,2.37,1.92,2,0.14,3,,,,,,,,,,,,,,,,
125,100,55,200,Hyb_ORC_CC,2.37,1.92,2,0.14,3,,,,,,,,,,,,,,,,
125,100,55,250,Hyb_ORC_CC,2.37,1.92,2,0.14,3,,,,,,,,,,,,,,,,
125,100,75,75,Hyb_ORC,2.01,1.92,3,0.41,3,,,,,,,,,,,,,,,,
125,100,75,100,Hyb_ORC,2.01,1.92,3,0.41,3,,,,,,,,,,,,,,,,
125,100,75,150,Hyb_ORC_CC,2.37,1.92,2,0.14,3,,,,,,,,,,,,,,,,
125,100,75,200,Hyb_ORC_CC,2.37,1.92,2,0.14,3,,,,,,,,,,,,,,,,
125,100,75,250,Hyb_ORC_CC,2.37,1.92,2,0.14,3,,,,,,,,,,,,,,,,
125,100,100,75,Hyb_ORC,2.01,1.92,3,0.41,3,,,,,,,,,,,,,,,,
125,100,100,100,Hyb_ORC,2.01,1.92,3,0.41,3,,,,,,,,,,,,,,,,
125,100,100,150,Hyb_ORC_CC,2.37,1.92,2,0.14,3,,,,,,,,,,,,,,,,
125,100,100,200,Hyb_ORC_CC,2.37,1.92,2,0.14,3,,,,,,,,,,,,,,,,
125,100,100,250,Hyb_ORC_CC,2.37,1.92,2,0.14,3,,,,,,,,,,,,,,,,
125,150,10,75,NG_ORC,0.58,5.34,3,0.61,1,,,,,,,,,,,,,,,,
125,150,10,100,NG_ORC,0.58,5.34,3,0.61,1,,,,,,,,,,,,,,,,
125,150,10,150,NGOxy_ORC_CC,1.37,4.23,2,0.14,2,,,,,,,,,,,,,,,,
125,150,10,200,NGOxy_ORC_CC,1.37,4.23,2,0.14,2,,,,,,,,,,,,,,,,
125,150,10,250,NGOxy_ORC_CC,1.37,4.23,2,0.14,2,,,,,,,,,,,,,,,,
125,150,35,75,NG_ORC,0.58,5.34,3,0.61,1,,,,,,,,,,,,,,,,
125,150,35,100,NGOxy_ORC,0.86,4.23,3,0.54,2,,,,,,,,,,,,,,,,
125,150,35,150,NGOxy_ORC_CC,1.37,4.23,2,0.14,2,,,,,,,,,,,,,,,,
125,150,35,200,NGOxy_ORC_CC,1.37,4.23,2,0.14,2,,,,,,,,,,,,,,,,
125,150,35,250,NGOxy_ORC_CC,1.37,4.23,2,0.14,2,,,,,,,,,,,,,,,,
125,150,55,75,Hyb_ORC,2.01,1.92,3,0.41,3,,,,,,,,,,,,,,,,
125,150,55,100,Hyb_ORC,2.01,1.92,3,0.41,3,,,,,,,,,,,,,,,,
125,150,55,150,Hyb_ORC_CC,2.37,1.92,2,0.14,3,,,,,,,,,,,,,,,,
125,150,55,200,Hyb_ORC_CC,2.37,1.92,2,0.14,3,,,,,,,,,,,,,,,,
125,150,55,250,Hyb_ORC_CC,2.37,1.92,2,0.14,3,,,,,,,,,,,,,,,,
125,150,75,75,Hyb_ORC,2.01,1.92,3,0.41,3,,,,,,,,,,,,,,,,
125,150,75,100,Hyb_ORC,2.01,1.92,3,0.41,3,,,,,,,,,,,,,,,,
125,150,75,150,Hyb_ORC_CC,2.37,1.92,2,0.14,3,,,,,,,,,,,,,,,,
125,150,75,200,Hyb_ORC_CC,2.37,1.92,2,0.14,3,,,,,,,,,,,,,,,,
125,150,75,250,Hyb_ORC_CC,2.37,1.92,2,0.14,3,,,,,,,,,,,,,,,,
125,150,100,75,Hyb_ORC,2.01,1.92,3,0.41,3,,,,,,,,,,,,,,,,
125,150,100,100,Hyb_ORC,2.01,1.92,3,0.41,3,,,,,,,,,,,,,,,,
125,150,100,150,Hyb_ORC_CC,2.37,1.92,2,0.14,3,,,,,,,,,,,,,,,,
125,150,100,200,Hyb_ORC_CC,2.37,1.92,2,0.14,3,,,,,,,,,,,,,,,,
125,150,100,250,Hyb_ORC_CC,2.37,1.92,2,0.14,3,,,,,,,,,,,,,,,,
125,200,10,75,NG_ORC,0.58,5.34,3,0.61,1,,,,,,,,,,,,,,,,
125,200,10,100,NG_ORC,0.58,5.34,3,0.61,1,,,,,,,,,,,,,,,,
125,200,10,150,NGOxy_ORC_CC,1.37,4.23,2,0.14,2,,,,,,,,,,,,,,,,
125,200,10,200,NGOxy_ORC_CC,1.37,4.23,2,0.14,2,,,,,,,,,,,,,,,,
125,200,10,250,NGOxy_ORC_CC,1.37,4.23,2,0.14,2,,,,,,,,,,,,,,,,
125,200,35,75,NG_ORC,0.58,5.34,3,0.61,1,,,,,,,,,,,,,,,,
125,200,35,100,NGOxy_ORC,0.86,4.23,3,0.54,2,,,,,,,,,,,,,,,,
125,200,35,150,NGOxy_ORC_CC,1.37,4.23,2,0.14,2,,,,,,,,,,,,,,,,
125,200,35,200,NGOxy_ORC_CC,1.37,4.23,2,0.14,2,,,,,,,,,,,,,,,,
125,200,35,250,NGOxy_ORC_CC,1.37,4.23,2,0.14,2,,,,,,,,,,,,,,,,
125,200,55,75,Hyb_ORC,2.01,1.92,3,0.41,3,,,,,,,,,,,,,,,,
125,200,55,100,Hyb_ORC,2.01,1.92,3,0.41,3,,,,,,,,,,,,,,,,
125,200,55,150,Hyb_ORC_CC,2.37,1.92,2,0.14,3,,,,,,,,,,,,,,,,
125,200,55,200,Hyb_ORC_CC,2.37,1.92,2,0.14,3,,,,,,,,,,,,,,,,
125,200,55,250,Hyb_ORC_CC,2.37,1.92,2,0.14,3,,,,,,,,,,,,,,,,
125,200,75,75,Hyb_ORC,2.01,1.92,3,0.41,3,,,,,,,,,,,,,,,,
125,200,75,100,Hyb_ORC,2.01,1.92,3,0.41,3,,,,,,,,,,,,,,,,
125,200,75,150,Hyb_ORC_CC,2.37,1.92,2,0.14,3,,,,,,,,,,,,,,,,
125,200,75,200,Hyb_ORC_CC,2.37,1.92,2,0.14,3,,,,,,,,,,,,,,,,
125,200,75,250,Hyb_ORC_CC,2.37,1.92,2,0.14,3,,,,,,,,,,,,,,,,
125,200,100,75,Hyb_ORC,2.01,1.92,3,0.41,3,,,,,,,,,,,,,,,,
125,200,100,100,Hyb_ORC,2.01,1.92,3,0.41,3,,,,,,,,,,,,,,,,
125,200,100,150,Hyb_ORC_CC,2.37,1.92,2,0.14,3,,,,,,,,,,,,,,,,
125,200,100,200,Hyb_ORC_CC,2.37,1.92,2,0.14,3,,,,,,,,,,,,,,,,
125,200,100,250,Hyb_ORC_CC,2.37,1.92,2,0.14,3,,,,,,,,,,,,,,,,
150,10,10,75,H2_ORC,0.58,5.59,3,0.31,5,,,,,,,,,,,,,,,,
150,10,10,100,H2_ORC,0.58,5.59,3,0.31,5,,,,,,,,,,,,,,,,
150,10,10,150,H2_CC,0.9,5.59,2,0.15,5,,,,,,,,,,,,,,,,
150,10,10,200,H2_CC,0.9,5.59,2,0.15,5,,,,,,,,,,,,,,,,
150,10,10,250,H2_CC,0.9,5.59,2,0.15,5,,,,,,,,,,,,,,,,
150,10,35,75,H2_ORC,0.58,5.59,3,0.31,5,,,,,,,,,,,,,,,,
150,10,35,100,H2_ORC,0.58,5.59,3,0.31,5,,,,,,,,,,,,,,,,
150,10,35,150,H2_CC,0.9,5.59,2,0.15,5,,,,,,,,,,,,,,,,
150,10,35,200,H2_CC,0.9,5.59,2,0.15,5,,,,,,,,,,,,,,,,
150,10,35,250,H2_CC,0.9,5.59,2,0.15,5,,,,,,,,,,,,,,,,
150,10,55,75,H2_ORC,0.58,5.59,3,0.31,5,,,,,,,,,,,,,,,,
150,10,55,100,H2_ORC,0.58,5.59,3,0.31,5,,,,,,,,,,,,,,,,
150,10,55,150,H2_CC,0.9,5.59,2,0.15,5,,,,,,,,,,,,,,,,
150,10,55,200,H2_CC,0.9,5.59,2,0.15,5,,,,,,,,,,,,,,,,
150,10,55,250,H2_CC,0.9,5.59,2,0.15,5,,,,,,,,,,,,,,,,
150,10,75,75,H2_ORC,0.58,5.59,3,0.31,5,,,,,,,,,,,,,,,,
150,10,75,100,H2_ORC,0.58,5.59,3,0.31,5,,,,,,,,,,,,,,,,
150,10,75,150,H2_CC,0.9,5.59,2,0.15,5,,,,,,,,,,,,,,,,
150,10,75,200,H2_CC,0.9,5.59,2,0.15,5,,,,,,,,,,,,,,,,
150,10,75,250,H2_CC,0.9,5.59,2,0.15,5,,,,,,,,,,,,,,,,
150,10,100,75,H2_ORC,0.58,5.59,3,0.31,5,,,,,,,,,,,,,,,,
150,10,100,100,H2_ORC,0.58,5.59,3,0.31,5,,,,,,,,,,,,,,,,
150,10,100,150,H2_CC,0.9,5.59,2,0.15,5,,,,,,,,,,,,,,,,
150,10,100,200,H2_CC,0.9,5.59,2,0.15,5,,,,,,,,,,,,,,,,
150,10,100,250,H2_CC,0.9,5.59,2,0.15,5,,,,,,,,,,,,,,,,
150,25,10,75,NG_ORC,0.58,5.34,3,0.61,1,,,,,,,,,,,,,,,,
150,25,10,100,H2_ORC,0.58,5.59,3,0.31,5,,,,,,,,,,,,,,,,
150,25,10,150,H2_CC,0.9,5.59,2,0.15,5,,,,,,,,,,,,,,,,
150,25,10,200,H2_CC,0.9,5.59,2,0.15,5,,,,,,,,,,,,,,,,
150,25,10,250,H2_CC,0.9,5.59,2,0.15,5,,,,,,,,,,,,,,,,
150,25,35,75,H2_ORC,0.58,5.59,3,0.31,5,,,,,,,,,,,,,,,,
150,25,35,100,H2_ORC,0.58,5.59,3,0.31,5,,,,,,,,,,,,,,,,
150,25,35,150,H2_CC,0.9,5.59,2,0.15,5,,,,,,,,,,,,,,,,
150,25,35,200,H2_CC,0.9,5.59,2,0.15,5,,,,,,,,,,,,,,,,
150,25,35,250,H2_CC,0.9,5.59,2,0.15,5,,,,,,,,,,,,,,,,
150,25,55,75,H2_ORC,0.58,5.59,3,0.31,5,,,,,,,,,,,,,,,,
150,25,55,100,H2_ORC,0.58,5.59,3,0.31,5,,,,,,,,,,,,,,,,
150,25,55,150,H2_CC,0.9,5.59,2,0.15,5,,,,,,,,,,,,,,,,
150,25,55,200,H2_CC,0.9,5.59,2,0.15,5,,,,,,,,,,,,,,,,
150,25,55,250,H2_CC,0.9,5.59,2,0.15,5,,,,,,,,,,,,,,,,
150,25,75,75,H2_ORC,0.58,5.59,3,0.31,5,,,,,,,,,,,,,,,,
150,25,75,100,H2_ORC,0.58,5.59,3,0.31,5,,,,,,,,,,,,,,,,
150,25,75,150,H2_CC,0.9,5.59,2,0.15,5,,,,,,,,,,,,,,,,
150,25,75,200,H2_CC,0.9,5.59,2,0.15,5,,,,,,,,,,,,,,,,
150,25,75,250,H2_CC,0.9,5.59,2,0.15,5,,,,,,,,,,,,,,,,
150,25,100,75,H2_ORC,0.58,5.59,3,0.31,5,,,,,,,,,,,,,,,,
150,25,100,100,H2_ORC,0.58,5.59,3,0.31,5,,,,,,,,,,,,,,,,
150,25,100,150,H2_CC,0.9,5.59,2,0.15,5,,,,,,,,,,,,,,,,
150,25,100,200,H2_CC,0.9,5.59,2,0.15,5,,,,,,,,,,,,,,,,
150,25,100,250,H2_CC,0.9,5.59,2,0.15,5,,,,,,,,,,,,,,,,
150,50,10,75,NG_ORC,0.58,5.34,3,0.61,1,,,,,,,,,,,,,,,,
150,50,10,100,NG_ORC,0.58,5.34,3,0.61,1,,,,,,,,,,,,,,,,
150,50,10,150,NGOxy_ORC_CC,1.37,4.23,2,0.14,2,,,,,,,,,,,,,,,,
150,50,10,200,NGOxy_ORC_CC,1.37,4.23,2,0.14,2,,,,,,,,,,,,,,,,
150,50,10,250,NGOxy_ORC_CC,1.37,4.23,2,0.14,2,,,,,,,,,,,,,,,,
150,50,35,75,NG_ORC,0.58,5.34,3,0.61,1,,,,,,,,,,,,,,,,
150,50,35,100,H2_ORC,0.58,5.59,3,0.31,5,,,,,,,,,,,,,,,,
150,50,35,150,NGOxy_ORC_CC,1.37,4.23,2,0.14,2,,,,,,,,,,,,,,,,
150,50,35,200,NGOxy_ORC_CC,1.37,4.23,2,0.14,2,,,,,,,,,,,,,,,,
150,50,35,250,NGOxy_ORC_CC,1.37,4.23,2,0.14,2,,,,,,,,,,,,,,,,
150,50,55,75,H2_ORC,0.58,5.59,3,0.31,5,,,,,,,,,,,,,,,,
150,50,55,100,H2_ORC,0.58,5.59,3,0.31,5,,,,,,,,,,,,,,,,
150,50,55,150,H2_CC,0.9,5.59,2,0.15,5,,,,,,,,,,,,,,,,
150,50,55,200,H2_CC,0.9,5.59,2,0.15,5,,,,,,,,,,,,,,,,
150,50,55,250,H2_CC,0.9,5.59,2,0.15,5,,,,,,,,,,,,,,,,
150,50,75,75,H2_ORC,0.58,5.59,3,0.31,5,,,,,,,,,,,,,,,,
150,50,75,100,H2_ORC,0.58,5.59,3,0.31,5,,,,,,,,,,,,,,,,
150,50,75,150,H2_CC,0.9,5.59,2,0.15,5,,,,,,,,,,,,,,,,
150,50,75,200,H2_CC,0.9,5.59,2,0.15,5,,,,,,,,,,,,,,,,
150,50,75,250,H2_CC,0.9,5.59,2,0.15,5,,,,,,,,,,,,,,,,
150,50,100,75,H2_ORC,0.58,5.59,3,0.31,5,,,,,,,,,,,,,,,,
150,50,100,100,H2_ORC,0.58,5.59,3,0.31,5,,,,,,,,,,,,,,,,
150,50,100,150,H2_CC,0.9,5.59,2,0.15,5,,,,,,,,,,,,,,,,
150,50,100,200,H2_CC,0.9,5.59,2,0.15,5,,,,,,,,,,,,,,,,
150,50,100,250,H2_CC,0.9,5.59,2,0.15,5,,,,,,,,,,,,,,,,
150,75,10,75,NG_ORC,0.58,5.34,3,0.61,1,,,,,,,,,,,,,,,,
150,75,10,100,NG_ORC,0.58,5.34,3,0.61,1,,,,,,,,,,,,,,,,
150,75,10,150,NGOxy_ORC_CC,1.37,4.23,2,0.14,2,,,,,,,,,,,,,,,,
150,75,10,200,NGOxy_ORC_CC,1.37,4.23,2,0.14,2,,,,,,,,,,,,,,,,
150,75,10,250,NGOxy_ORC_CC,1.37,4.23,2,0.14,2,,,,,,,,,,,,,,,,
150,75,35,75,NG_ORC,0.58,5.34,3,0.61,1,,,,,,,,,,,,,,,,
150,75,35,100,NG_ORC,0.58,5.34,3,0.61,1,,,,,,,,,,,,,,,,
150,75,35,150,NGOxy_ORC_CC,1.37,4.23,2,0.14,2,,,,,,,,,,,,,,,,
150,75,35,200,NGOxy_ORC_CC,1.37,4.23,2,0.14,2,,,,,,,,,,,,,,,,
150,75,35,250,NGOxy_ORC_CC,1.37,4.23,2,0.14,2,,,,,,,,,,,,,,,,
150,75,55,75,NGOxy_ORC,0.86,4.23,3,0.54,2,,,,,,,,,,,,,,,,
150,75,55,100,Hyb_ORC,2.01,1.92,3,0.41,3,,,,,,,,,,,,,,,,
150,75,55,150,Hyb_ORC_CC,2.37,1.92,2,0.14,3,,,,,,,,,,,,,,,,
150,75,55,200,Hyb_ORC_CC,2.37,1.92,2,0.14,3,,,,,,,,,,,,,,,,
150,75,55,250,Hyb_ORC_CC,2.37,1.92,2,0.14,3,,,,,,,,,,,,,,,,
150,75,75,75,Hyb_ORC,2.01,1.92,3,0.41,3,,,,,,,,,,,,,,,,
150,75,75,100,Hyb_ORC,2.01,1.92,3,0.41,3,,,,,,,,,,,,,,,,
150,75,75,150,Hyb_ORC_CC,2.37,1.92,2,0.14,3,,,,,,,,,,,,,,,,
150,75,75,200,Hyb_ORC_CC,2.37,1.92,2,0.14,3,,,,,,,,,,,,,,,,
150,75,75,250,Hyb_ORC_CC,2.37,1.92,2,0.14,3,,,,,,,,,,,,,,,,
150,75,100,75,H2_ORC,0.58,5.59,3,0.31,5,,,,,,,,,,,,,,,,
150,75,100,100,H2_ORC,0.58,5.59,3,0.31,5,,,,,,,,,,,,,,,,
150,75,100,150,H2_CC,0.9,5.59,2,0.15,5,,,,,,,,,,,,,,,,
150,75,100,200,H2_CC,0.9,5.59,2,0.15,5,,,,,,,,,,,,,,,,
150,75,100,250,H2_CC,0.9,5.59,2,0.15,5,,,,,,,,,,,,,,,,
150,100,10,75,NG_ORC,0.58,5.34,3,0.61,1,,,,,,,,,,,,,,,,
150,100,10,100,NG_ORC,0.58,5.34,3,0.61,1,,,,,,,,,,,,,,,,
150,100,10,150,NGOxy_ORC_CC,1.37,4.23,2,0.14,2,,,,,,,,,,,,,,,,
150,100,10,200,NGOxy_ORC_CC,1.37,4.23,2,0.14,2,,,,,,,,,,,,,,,,
150,100,10,250,NGOxy_ORC_CC,1.37,4.23,2,0.14,2,,,,,,,,,,,,,,,,
150,100,35,75,NG_ORC,0.58,5.34,3,0.61,1,,,,,,,,,,,,,,,,
150,100,35,100,NG_ORC,0.58,5.34,3,0.61,1,,,,,,,,,,,,,,,,
150,100,35,150,NGOxy_ORC_CC,1.37,4.23,2,0.14,2,,,,,,,,,,,,,,,,
150,100,35,200,NGOxy_ORC_CC,1.37,4.23,2,0.14,2,,,,,,,,,,,,,,,,
150,100,35,250,NGOxy_ORC_CC,1.37,4.23,2,0.14,2,,,,,,,,,,,,,,,,
150,100,55,75,NGOxy_ORC,0.86,4.23,3,0.54,2,,,,,,,,,,,,,,,,
150,100,55,100,Hyb_ORC,2.01,1.92,3,0.41,3,,,,,,,,,,,,,,,,
150,100,55,150,Hyb_ORC_CC,2.37,1.92,2,0.14,3,,,,,,,,,,,,,,,,
150,100,55,200,Hyb_ORC_CC,2.37,1.92,2,0.14,3,,,,,,,,,,,,,,,,
150,100,55,250,Hyb_ORC_CC,2.37,1.92,2,0.14,3,,,,,,,,,,,,,,,,
150,100,75,75,Hyb_ORC,2.01,1.92,3,0.41,3,,,,,,,,,,,,,,,,
150,100,75,100,Hyb_ORC,2.01,1.92,3,0.41,3,,,,,,,,,,,,,,,,
150,100,75,150,Hyb_ORC_CC,2.37,1.92,2,0.14,3,,,,,,,,,,,,,,,,
150,100,75,200,Hyb_ORC_CC,2.37,1.92,2,0.14,3,,,,,,,,,,,,,,,,
150,100,75,250,Hyb_ORC_CC,2.37,1.92,2,0.14,3,,,,,,,,,,,,,,,,
150,100,100,75,Hyb_ORC,2.01,1.92,3,0.41,3,,,,,,,,,,,,,,,,
150,100,100,100,Hyb_ORC,2.01,1.92,3,0.41,3,,,,,,,,,,,,,,,,
150,100,100,150,Hyb_ORC_CC,2.37,1.92,2,0.14,3,,,,,,,,,,,,,,,,
150,100,100,200,Hyb_ORC_CC,2.37,1.92,2,0.14,3,,,,,,,,,,,,,,,,
150,100,100,250,Hyb_ORC_CC,2.37,1.92,2,0.14,3,,,,,,,,,,,,,,,,
150,150,10,75,NG_ORC,0.58,5.34,3,0.61,1,,,,,,,,,,,,,,,,
150,150,10,100,NG_ORC,0.58,5.34,3,0.61,1,,,,,,,,,,,,,,,,
150,150,10,150,NGOxy_ORC_CC,1.37,4.23,2,0.14,2,,,,,,,,,,,,,,,,
150,150,10,200,NGOxy_ORC_CC,1.37,4.23,2,0.14,2,,,,,,,,,,,,,,,,
150,150,10,250,NGOxy_ORC_CC,1.37,4.23,2,0.14,2,,,,,,,,,,,,,,,,
150,150,35,75,NG_ORC,0.58,5.34,3,0.61,1,,,,,,,,,,,,,,,,
150,150,35,100,NG_ORC,0.58,5.34,3,0.61,1,,,,,,,,,,,,,,,,
150,150,35,150,NGOxy_ORC_CC,1.37,4.23,2,0.14,2,,,,,,,,,,,,,,,,
150,150,35,200,NGOxy_ORC_CC,1.37,4.23,2,0.14,2,,,,,,,,,,,,,,,,
150,150,35,250,NGOxy_ORC_CC,1.37,4.23,2,0.14,2,,,,,,,,,,,,,,,,
150,150,55,75,NGOxy_ORC,0.86,4.23,3,0.54,2,,,,,,,,,,,,,,,,
150,150,55,100,Hyb_ORC,2.01,1.92,3,0.41,3,,,,,,,,,,,,,,,,
150,150,55,150,Hyb_ORC_CC,2.37,1.92,2,0.14,3,,,,,,,,,,,,,,,,
150,150,55,200,Hyb_ORC_CC,2.37,1.92,2,0.14,3,,,,,,,,,,,,,,,,
150,150,55,250,Hyb_ORC_CC,2.37,1.92,2,0.14,3,,,,,,,,,,,,,,,,
150,150,75,75,Hyb_ORC,2.01,1.92,3,0.41,3,,,,,,,,,,,,,,,,
150,150,75,100,Hyb_ORC,2.01,1.92,3,0.41,3,,,,,,,,,,,,,,,,
150,150,75,150,Hyb_ORC_CC,2.37,1.92,2,0.14,3,,,,,,,,,,,,,,,,
150,150,75,200,Hyb_ORC_CC,2.37,1.92,2,0.14,3,,,,,,,,,,,,,,,,
150,150,75,250,Hyb_ORC_CC,2.37,1.92,2,0.14,3,,,,,,,,,,,,,,,,
150,150,100,75,Hyb_ORC,2.01,1.92,3,0.41,3,,,,,,,,,,,,,,,,
150,150,100,100,Hyb_ORC,2.01,1.92,3,0.41,3,,,,,,,,,,,,,,,,
150,150,100,150,Hyb_ORC_CC,2.37,1.92,2,0.14,3,,,,,,,,,,,,,,,,
150,150,100,200,Hyb_ORC_CC,2.37,1.92,2,0.14,3,,,,,,,,,,,,,,,,
150,150,100,250,Hyb_ORC_CC,2.37,1.92,2,0.14,3,,,,,,,,,,,,,,,,
150,200,10,75,NG_ORC,0.58,5.34,3,0.61,1,,,,,,,,,,,,,,,,
150,200,10,100,NG_ORC,0.58,5.34,3,0.61,1,,,,,,,,,,,,,,,,
150,200,10,150,NGOxy_ORC_CC,1.37,4.23,2,0.14,2,,,,,,,,,,,,,,,,
150,200,10,200,NGOxy_ORC_CC,1.37,4.23,2,0.14,2,,,,,,,,,,,,,,,,
150,200,10,250,NGOxy_ORC_CC,1.37,4.23,2,0.14,2,,,,,,,,,,,,,,,,
150,200,35,75,NG_ORC,0.58,5.34,3,0.61,1,,,,,,,,,,,,,,,,
150,200,35,100,NG_ORC,0.58,5.34,3,0.61,1,,,,,,,,,,,,,,,,
150,200,35,150,NGOxy_ORC_CC,1.37,4.23,2,0.14,2,,,,,,,,,,,,,,,,
150,200,35,200,NGOxy_ORC_CC,1.37,4.23,2,0.14,2,,,,,,,,,,,,,,,,
150,200,35,250,NGOxy_ORC_CC,1.37,4.23,2,0.14,2,,,,,,,,,,,,,,,,
150,200,55,75,NGOxy_ORC,0.86,4.23,3,0.54,2,,,,,,,,,,,,,,,,
150,200,55,100,Hyb_ORC,2.01,1.92,3,0.41,3,,,,,,,,,,,,,,,,
150,200,55,150,Hyb_ORC_CC,2.37,1.92,2,0.14,3,,,,,,,,,,,,,,,,
150,200,55,200,Hyb_ORC_CC,2.37,1.92,2,0.14,3,,,,,,,,,,,,,,,,
150,200,55,250,Hyb_ORC_CC,2.37,1.92,2,0.14,3,,,,,,,,,,,,,,,,
150,200,75,75,Hyb_ORC,2.01,1.92,3,0.41,3,,,,,,,,,,,,,,,,
150,200,75,100,Hyb_ORC,2.01,1.92,3,0.41,3,,,,,,,,,,,,,,,,
150,200,75,150,Hyb_ORC_CC,2.37,1.92,2,0.14,3,,,,,,,,,,,,,,,,
150,200,75,200,Hyb_ORC_CC,2.37,1.92,2,0.14,3,,,,,,,,,,,,,,,,
150,200,75,250,Hyb_ORC_CC,2.37,1.92,2,0.14,3,,,,,,,,,,,,,,,,
150,200,100,75,Hyb_ORC,2.01,1.92,3,0.41,3,,,,,,,,,,,,,,,,
150,200,100,100,Hyb_ORC,2.01,1.92,3,0.41,3,,,,,,,,,,,,,,,,
150,200,100,150,Hyb_ORC_CC,2.37,1.92,2,0.14,3,,,,,,,,,,,,,,,,
150,200,100,200,Hyb_ORC_CC,2.37,1.92,2,0.14,3,,,,,,,,,,,,,,,,
150,200,100,250,Hyb_ORC_CC,2.37,1.92,2,0.14,3,,,,,,,,,,,,,,,,
175,10,10,75,H2_ORC,0.58,5.59,3,0.31,5,,,,,,,,,,,,,,,,
175,10,10,100,H2_ORC,0.58,5.59,3,0.31,5,,,,,,,,,,,,,,,,
175,10,10,150,H2_ORC,0.58,5.59,3,0.31,5,,,,,,,,,,,,,,,,
175,10,10,200,H2_CC,0.9,5.59,2,0.15,5,,,,,,,,,,,,,,,,
175,10,10,250,H2_CC,0.9,5.59,2,0.15,5,,,,,,,,,,,,,,,,
175,10,35,75,H2_ORC,0.58,5.59,3,0.31,5,,,,,,,,,,,,,,,,
175,10,35,100,H2_ORC,0.58,5.59,3,0.31,5,,,,,,,,,,,,,,,,
175,10,35,150,H2_ORC,0.58,5.59,3,0.31,5,,,,,,,,,,,,,,,,
175,10,35,200,H2_CC,0.9,5.59,2,0.15,5,,,,,,,,,,,,,,,,
175,10,35,250,H2_CC,0.9,5.59,2,0.15,5,,,,,,,,,,,,,,,,
175,10,55,75,H2_ORC,0.58,5.59,3,0.31,5,,,,,,,,,,,,,,,,
175,10,55,100,H2_ORC,0.58,5.59,3,0.31,5,,,,,,,,,,,,,,,,
175,10,55,150,H2_ORC,0.58,5.59,3,0.31,5,,,,,,,,,,,,,,,,
175,10,55,200,H2_CC,0.9,5.59,2,0.15,5,,,,,,,,,,,,,,,,
175,10,55,250,H2_CC,0.9,5.59,2,0.15,5,,,,,,,,,,,,,,,,
175,10,75,75,H2_ORC,0.58,5.59,3,0.31,5,,,,,,,,,,,,,,,,
175,10,75,100,H2_ORC,0.58,5.59,3,0.31,5,,,,,,,,,,,,,,,,
175,10,75,150,H2_ORC,0.58,5.59,3,0.31,5,,,,,,,,,,,,,,,,
175,10,75,200,H2_CC,0.9,5.59,2,0.15,5,,,,,,,,,,,,,,,,
175,10,75,250,H2_CC,0.9,5.59,2,0.15,5,,,,,,,,,,,,,,,,
175,10,100,75,H2_ORC,0.58,5.59,3,0.31,5,,,,,,,,,,,,,,,,
175,10,100,100,H2_ORC,0.58,5.59,3,0.31,5,,,,,,,,,,,,,,,,
175,10,100,150,H2_ORC,0.58,5.59,3,0.31,5,,,,,,,,,,,,,,,,
175,10,100,200,H2_CC,0.9,5.59,2,0.15,5,,,,,,,,,,,,,,,,
175,10,100,250,H2_CC,0.9,5.59,2,0.15,5,,,,,,,,,,,,,,,,
175,25,10,75,NG_ORC,0.58,5.34,3,0.61,1,,,,,,,,,,,,,,,,
175,25,10,100,H2_ORC,0.58,5.59,3,0.31,5,,,,,,,,,,,,,,,,
175,25,10,150,H2_ORC,0.58,5.59,3,0.31,5,,,,,,,,,,,,,,,,
175,25,10,200,H2_CC,0.9,5.59,2,0.15,5,,,,,,,,,,,,,,,,
175,25,10,250,H2_CC,0.9,5.59,2,0.15,5,,,,,,,,,,,,,,,,
175,25,35,75,H2_ORC,0.58,5.59,3,0.31,5,,,,,,,,,,,,,,,,
175,25,35,100,H2_ORC,0.58,5.59,3,0.31,5,,,,,,,,,,,,,,,,
175,25,35,150,H2_ORC,0.58,5.59,3,0.31,5,,,,,,,,,,,,,,,,
175,25,35,200,H2_CC,0.9,5.59,2,0.15,5,,,,,,,,,,,,,,,,
175,25,35,250,H2_CC,0.9,5.59,2,0.15,5,,,,,,,,,,,,,,,,
175,25,55,75,H2_ORC,0.58,5.59,3,0.31,5,,,,,,,,,,,,,,,,
175,25,55,100,H2_ORC,0.58,5.59,3,0.31,5,,,,,,,,,,,,,,,,
175,25,55,150,H2_ORC,0.58,5.59,3,0.31,5,,,,,,,,,,,,,,,,
175,25,55,200,H2_CC,0.9,5.59,2,0.15,5,,,,,,,,,,,,,,,,
175,25,55,250,H2_CC,0.9,5.59,2,0.15,5,,,,,,,,,,,,,,,,
175,25,75,75,H2_ORC,0.58,5.59,3,0.31,5,,,,,,,,,,,,,,,,
175,25,75,100,H2_ORC,0.58,5.59,3,0.31,5,,,,,,,,,,,,,,,,
175,25,75,150,H2_ORC,0.58,5.59,3,0.31,5,,,,,,,,,,,,,,,,
175,25,75,200,H2_CC,0.9,5.59,2,0.15,5,,,,,,,,,,,,,,,,
175,25,75,250,H2_CC,0.9,5.59,2,0.15,5,,,,,,,,,,,,,,,,
175,25,100,75,H2_ORC,0.58,5.59,3,0.31,5,,,,,,,,,,,,,,,,
175,25,100,100,H2_ORC,0.58,5.59,3,0.31,5,,,,,,,,,,,,,,,,
175,25,100,150,H2_ORC,0.58,5.59,3,0.31,5,,,,,,,,,,,,,,,,
175,25,100,200,H2_CC,0.9,5.59,2,0.15,5,,,,,,,,,,,,,,,,
175,25,100,250,H2_CC,0.9,5.59,2,0.15,5,,,,,,,,,,,,,,,,
175,50,10,75,NG_ORC,0.58,5.34,3,0.61,1,,,,,,,,,,,,,,,,
175,50,10,100,NG_ORC,0.58,5.34,3,0.61,1,,,,,,,,,,,,,,,,
175,50,10,150,NG_CC,1.07,6.27,2,0.22,1,,,,,,,,,,,,,,,,
175,50,10,200,NGOxy_ORC_CC,1.37,4.23,2,0.14,2,,,,,,,,,,,,,,,,
175,50,10,250,NGOxy_ORC_CC,1.37,4.23,2,0.14,2,,,,,,,,,,,,,,,,
175,50,35,75,NG_ORC,0.58,5.34,3,0.61,1,,,,,,,,,,,,,,,,
175,50,35,100,H2_ORC,0.58,5.59,3,0.31,5,,,,,,,,,,,,,,,,
175,50,35,150,H2_ORC,0.58,5.59,3,0.31,5,,,,,,,,,,,,,,,,
175,50,35,200,H2_CC,0.9,5.59,2,0.15,5,,,,,,,,,,,,,,,,
175,50,35,250,H2_CC,0.9,5.59,2,0.15,5,,,,,,,,,,,,,,,,
175,50,55,75,H2_ORC,0.58,5.59,3,0.31,5,,,,,,,,,,,,,,,,
175,50,55,100,H2_ORC,0.58,5.59,3,0.31,5,,,,,,,,,,,,,,,,
175,50,55,150,H2_ORC,0.58,5.59,3,0.31,5,,,,,,,,,,,,,,,,
175,50,55,200,H2_CC,0.9,5.59,2,0.15,5,,,,,,,,,,,,,,,,
175,50,55,250,H2_CC,0.9,5.59,2,0.15,5,,,,,,,,,,,,,,,,
175,50,75,75,H2_ORC,0.58,5.59,3,0.31,5,,,,,,,,,,,,,,,,
175,50,75,100,H2_ORC,0.58,5.59,3,0.31,5,,,,,,,,,,,,,,,,
175,50,75,150,H2_ORC,0.58,5.59,3,0.31,5,,,,,,,,,,,,,,,,
175,50,75,200,H2_CC,0.9,5.59,2,0.15,5,,,,,,,,,,,,,,,,
175,50,75,250,H2_CC,0.9,5.59,2,0.15,5,,,,,,,,,,,,,,,,
175,50,100,75,H2_ORC,0.58,5.59,3,0.31,5,,,,,,,,,,,,,,,,
175,50,100,100,H2_ORC,0.58,5.59,3,0.31,5,,,,,,,,,,,,,,,,
175,50,100,150,H2_ORC,0.58,5.59,3,0.31,5,,,,,,,,,,,,,,,,
175,50,100,200,H2_CC,0.9,5.59,2,0.15,5,,,,,,,,,,,,,,,,
175,50,100,250,H2_CC,0.9,5.59,2,0.15,5,,,,,,,,,,,,,,,,
175,75,10,75,NG_ORC,0.58,5.34,3,0.61,1,,,,,,,,,,,,,,,,
175,75,10,100,NG_ORC,0.58,5.34,3,0.61,1,,,,,,,,,,,,,,,,
175,75,10,150,NG_CC,1.07,6.27,2,0.22,1,,,,,,,,,,,,,,,,
175,75,10,200,NGOxy_ORC_CC,1.37,4.23,2,0.14,2,,,,,,,,,,,,,,,,
175,75,10,250,NGOxy_ORC_CC,1.37,4.23,2,0.14,2,,,,,,,,,,,,,,,,
175,75,35,75,NG_ORC,0.58,5.34,3,0.61,1,,,,,,,,,,,,,,,,
175,75,35,100,NG_ORC,0.58,5.34,3,0.61,1,,,,,,,,,,,,,,,,
175,75,35,150,NGOxy_ORC_CC,1.37,4.23,2,0.14,2,,,,,,,,,,,,,,,,
175,75,35,200,NGOxy_ORC_CC,1.37,4.23,2,0.14,2,,,,,,,,,,,,,,,,
175,75,35,250,NGOxy_ORC_CC,1.37,4.23,2,0.14,2,,,,,,,,,,,,,,,,
175,75,55,75,NGOxy_ORC,0.86,4.23,3,0.54,2,,,,,,,,,,,,,,,,
175,75,55,100,NGOxy_ORC,0.86,4.23,3,0.54,2,,,,,,,,,,,,,,,,
175,75,55,150,NGOxy_ORC_CC,1.37,4.23,2,0.14,2,,,,,,,,,,,,,,,,
175,75,55,200,NGOxy_ORC_CC,1.37,4.23,2,0.14,2,,,,,,,,,,,,,,,,
175,75,55,250,NGOxy_ORC_CC,1.37,4.23,2,0.14,2,,,,,,,,,,,,,,,,
175,75,75,75,H2_ORC,0.58,5.59,3,0.31,5,,,,,,,,,,,,,,,,
175,75,75,100,H2_ORC,0.58,5.59,3,0.31,5,,,,,,,,,,,,,,,,
175,75,75,150,H2_ORC,0.58,5.59,3,0.31,5,,,,,,,,,,,,,,,,
175,75,75,200,Hyb_ORC_CC,2.37,1.92,2,0.14,3,,,,,,,,,,,,,,,,
175,75,75,250,Hyb_ORC_CC,2.37,1.92,2,0.14,3,,,,,,,,,,,,,,,,
175,75,100,75,H2_ORC,0.58,5.59,3,0.31,5,,,,,,,,,,,,,,,,
175,75,100,100,H2_ORC,0.58,5.59,3,0.31,5,,,,,,,,,,,,,,,,
175,75,100,150,H2_ORC,0.58,5.59,3,0.31,5,,,,,,,,,,,,,,,,
175,75,100,200,H2_CC,0.9,5.59,2,0.15,5,,,,,,,,,,,,,,,,
175,75,100,250,H2_CC,0.9,5.59,2,0.15,5,,,,,,,,,,,,,,,,
175,100,10,75,NG_ORC,0.58,5.34,3,0.61,1,,,,,,,,,,,,,,,,
175,100,10,100,NG_ORC,0.58,5.34,3,0.61,1,,,,,,,,,,,,,,,,
175,100,10,150,NG_CC,1.07,6.27,2,0.22,1,,,,,,,,,,,,,,,,
175,100,10,200,NGOxy_ORC_CC,1.37,4.23,2,0.14,2,,,,,,,,,,,,,,,,
175,100,10,250,NGOxy_ORC_CC,1.37,4.23,2,0.14,2,,,,,,,,,,,,,,,,
175,100,35,75,NG_ORC,0.58,5.34,3,0.61,1,,,,,,,,,,,,,,,,
175,100,35,100,NG_ORC,0.58,5.34,3,0.61,1,,,,,,,,,,,,,,,,
175,100,35,150,NGOxy_ORC_CC,1.37,4.23,2,0.14,2,,,,,,,,,,,,,,,,
175,100,35,200,NGOxy_ORC_CC,1.37,4.23,2,0.14,2,,,,,,,,,,,,,,,,
175,100,35,250,NGOxy_ORC_CC,1.37,4.23,2,0.14,2,,,,,,,,,,,,,,,,
175,100,55,75,NGOxy_ORC,0.86,4.23,3,0.54,2,,,,,,,,,,,,,,,,
175,100,55,100,NGOxy_ORC,0.86,4.23,3,0.54,2,,,,,,,,,,,,,,,,
175,100,55,150,NGOxy_ORC_CC,1.37,4.23,2,0.14,2,,,,,,,,,,,,,,,,
175,100,55,200,NGOxy_ORC_CC,1.37,4.23,2,0.14,2,,,,,,,,,,,,,,,,
175,100,55,250,NGOxy_ORC_CC,1.37,4.23,2,0.14,2,,,,,,,,,,,,,,,,
175,100,75,75,Hyb_ORC,2.01,1.92,3,0.41,3,,,,,,,,,,,,,,,,
175,100,75,100,Hyb_ORC,2.01,1.92,3,0.41,3,,,,,,,,,,,,,,,,
175,100,75,150,Hyb_ORC_CC,2.37,1.92,2,0.14,3,,,,,,,,,,,,,,,,
175,100,75,200,Hyb_ORC_CC,2.37,1.92,2,0.14,3,,,,,,,,,,,,,,,,
175,100,75,250,Hyb_ORC_CC,2.37,1.92,2,0.14,3,,,,,,,,,,,,,,,,
175,100,100,75,Hyb_ORC,2.01,1.92,3,0.41,3,,,,,,,,,,,,,,,,
175,100,100,100,Hyb_ORC,2.01,1.92,3,0.41,3,,,,,,,,,,,,,,,,
175,100,100,150,Hyb_ORC_CC,2.37,1.92,2,0.14,3,,,,,,,,,,,,,,,,
175,100,100,200,Hyb_ORC_CC,2.37,1.92,2,0.14,3,,,,,,,,,,,,,,,,
175,100,100,250,Hyb_ORC_CC,2.37,1.92,2,0.14,3,,,,,,,,,,,,,,,,
175,150,10,75,NG_ORC,0.58,5.34,3,0.61,1,,,,,,,,,,,,,,,,
175,150,10,100,NG_ORC,0.58,5.34,3,0.61,1,,,,,,,,,,,,,,,,
175,150,10,150,NG_CC,1.07,6.27,2,0.22,1,,,,,,,,,,,,,,,,
175,150,10,200,NGOxy_ORC_CC,1.37,4.23,2,0.14,2,,,,,,,,,,,,,,,,
175,150,10,250,NGOxy_ORC_CC,1.37,4.23,2,0.14,2,,,,,,,,,,,,,,,,
175,150,35,75,NG_ORC,0.58,5.34,3,0.61,1,,,,,,,,,,,,,,,,
175,150,35,100,NG_ORC,0.58,5.34,3,0.61,1,,,,,,,,,,,,,,,,
175,150,35,150,NGOxy_ORC_CC,1.37,4.23,2,0.14,2,,,,,,,,,,,,,,,,
175,150,35,200,NGOxy_ORC_CC,1.37,4.23,2,0.14,2,,,,,,,,,,,,,,,,
175,150,35,250,NGOxy_ORC_CC,1.37,4.23,2,0.14,2,,,,,,,,,,,,,,,,
175,150,55,75,NGOxy_ORC,0.86,4.23,3,0.54,2,,,,,,,,,,,,,,,,
175,150,55,100,NGOxy_ORC,0.86,4.23,3,0.54,2,,,,,,,,,,,,,,,,
175,150,55,150,NGOxy_ORC_CC,1.37,4.23,2,0.14,2,,,,,,,,,,,,,,,,
175,150,55,200,NGOxy_ORC_CC,1.37,4.23,2,0.14,2,,,,,,,,,,,,,,,,
175,150,55,250,NGOxy_ORC_CC,1.37,4.23,2,0.14,2,,,,,,,,,,,,,,,,
175,150,75,75,Hyb_ORC,2.01,1.92,3,0.41,3,,,,,,,,,,,,,,,,
175,150,75,100,Hyb_ORC,2.01,1.92,3,0.41,3,,,,,,,,,,,,,,,,
175,150,75,150,Hyb_ORC_CC,2.37,1.92,2,0.14,3,,,,,,,,,,,,,,,,
175,150,75,200,Hyb_ORC_CC,2.37,1.92,2,0.14,3,,,,,,,,,,,,,,,,
175,150,75,250,Hyb_ORC_CC,2.37,1.92,2,0.14,3,,,,,,,,,,,,,,,,
175,150,100,75,Hyb_ORC,2.01,1.92,3,0.41,3,,,,,,,,,,,,,,,,
175,150,100,100,Hyb_ORC,2.01,1.92,3,0.41,3,,,,,,,,,,,,,,,,
175,150,100,150,Hyb_ORC_CC,2.37,1.92,2,0.14,3,,,,,,,,,,,,,,,,
175,150,100,200,Hyb_ORC_CC,2.37,1.92,2,0.14,3,,,,,,,,,,,,,,,,
175,150,100,250,Hyb_ORC_CC,2.37,1.92,2,0.14,3,,,,,,,,,,,,,,,,
175,200,10,75,NG_ORC,0.58,5.34,3,0.61,1,,,,,,,,,,,,,,,,
175,200,10,100,NG_ORC,0.58,5.34,3,0.61,1,,,,,,,,,,,,,,,,
175,200,10,150,NG_CC,1.07,6.27,2,0.22,1,,,,,,,,,,,,,,,,
175,200,10,200,NGOxy_ORC_CC,1.37,4.23,2,0.14,2,,,,,,,,,,,,,,,,
175,200,10,250,NGOxy_ORC_CC,1.37,4.23,2,0.14,2,,,,,,,,,,,,,,,,
175,200,35,75,NG_ORC,0.58,5.34,3,0.61,1,,,,,,,,,,,,,,,,
175,200,35,100,NG_ORC,0.58,5.34,3,0.61,1,,,,,,,,,,,,,,,,
175,200,35,150,NGOxy_ORC_CC,1.37,4.23,2,0.14,2,,,,,,,,,,,,,,,,
175,200,35,200,NGOxy_ORC_CC,1.37,4.23,2,0.14,2,,,,,,,,,,,,,,,,
175,200,35,250,NGOxy_ORC_CC,1.37,4.23,2,0.14,2,,,,,,,,,,,,,,,,
175,200,55,75,NGOxy_ORC,0.86,4.23,3,0.54,2,,,,,,,,,,,,,,,,
175,200,55,100,NGOxy_ORC,0.86,4.23,3,0.54,2,,,,,,,,,,,,,,,,
175,200,55,150,NGOxy_ORC_CC,1.37,4.23,2,0.14,2,,,,,,,,,,,,,,,,
175,200,55,200,NGOxy_ORC_CC,1.37,4.23,2,0.14,2,,,,,,,,,,,,,,,,
175,200,55,250,NGOxy_ORC_CC,1.37,4.23,2,0.14,2,,,,,,,,,,,,,,,,
175,200,75,75,Hyb_ORC,2.01,1.92,3,0.41,3,,,,,,,,,,,,,,,,
175,200,75,100,Hyb_ORC,2.01,1.92,3,0.41,3,,,,,,,,,,,,,,,,
175,200,75,150,Hyb_ORC_CC,2.37,1.92,2,0.14,3,,,,,,,,,,,,,,,,
175,200,75,200,Hyb_ORC_CC,2.37,1.92,2,0.14,3,,,,,,,,,,,,,,,,
175,200,75,250,Hyb_ORC_CC,2.37,1.92,2,0.14,3,,,,,,,,,,,,,,,,
175,200,100,75,Hyb_ORC,2.01,1.92,3,0.41,3,,,,,,,,,,,,,,,,
175,200,100,100,Hyb_ORC,2.01,1.92,3,0.41,3,,,,,,,,,,,,,,,,
175,200,100,150,Hyb_ORC_CC,2.37,1.92,2,0.14,3,,,,,,,,,,,,,,,,
175,200,100,200,Hyb_ORC_CC,2.37,1.92,2,0.14,3,,,,,,,,,,,,,,,,
175,200,100,250,Hyb_ORC_CC,2.37,1.92,2,0.14,3,,,,,,,,,,,,,,,,
200,10,10,75,H2_ORC,0.58,5.59,3,0.31,5,,,,,,,,,,,,,,,,
200,10,10,100,H2_ORC,0.58,5.59,3,0.31,5,,,,,,,,,,,,,,,,
200,10,10,150,H2_ORC,0.58,5.59,3,0.31,5,,,,,,,,,,,,,,,,
200,10,10,200,H2_CC,0.9,5.59,2,0.15,5,,,,,,,,,,,,,,,,
200,10,10,250,H2_CC,0.9,5.59,2,0.15,5,,,,,,,,,,,,,,,,
200,10,35,75,H2_ORC,0.58,5.59,3,0.31,5,,,,,,,,,,,,,,,,
200,10,35,100,H2_ORC,0.58,5.59,3,0.31,5,,,,,,,,,,,,,,,,
200,10,35,150,H2_ORC,0.58,5.59,3,0.31,5,,,,,,,,,,,,,,,,
200,10,35,200,H2_CC,0.9,5.59,2,0.15,5,,,,,,,,,,,,,,,,
200,10,35,250,H2_CC,0.9,5.59,2,0.15,5,,,,,,,,,,,,,,,,
200,10,55,75,H2_ORC,0.58,5.59,3,0.31,5,,,,,,,,,,,,,,,,
200,10,55,100,H2_ORC,0.58,5.59,3,0.31,5,,,,,,,,,,,,,,,,
200,10,55,150,H2_ORC,0.58,5.59,3,0.31,5,,,,,,,,,,,,,,,,
200,10,55,200,H2_CC,0.9,5.59,2,0.15,5,,,,,,,,,,,,,,,,
200,10,55,250,H2_CC,0.9,5.59,2,0.15,5,,,,,,,,,,,,,,,,
200,10,75,75,H2_ORC,0.58,5.59,3,0.31,5,,,,,,,,,,,,,,,,
200,10,75,100,H2_ORC,0.58,5.59,3,0.31,5,,,,,,,,,,,,,,,,
200,10,75,150,H2_ORC,0.58,5.59,3,0.31,5,,,,,,,,,,,,,,,,
200,10,75,200,H2_CC,0.9,5.59,2,0.15,5,,,,,,,,,,,,,,,,
200,10,75,250,H2_CC,0.9,5.59,2,0.15,5,,,,,,,,,,,,,,,,
200,10,100,75,H2_ORC,0.58,5.59,3,0.31,5,,,,,,,,,,,,,,,,
200,10,100,100,H2_ORC,0.58,5.59,3,0.31,5,,,,,,,,,,,,,,,,
200,10,100,150,H2_ORC,0.58,5.59,3,0.31,5,,,,,,,,,,,,,,,,
200,10,100,200,H2_CC,0.9,5.59,2,0.15,5,,,,,,,,,,,,,,,,
200,10,100,250,H2_CC,0.9,5.59,2,0.15,5,,,,,,,,,,,,,,,,
200,25,10,75,NG_ORC,0.58,5.34,3,0.61,1,,,,,,,,,,,,,,,,
200,25,10,100,H2_ORC,0.58,5.59,3,0.31,5,,,,,,,,,,,,,,,,
200,25,10,150,H2_ORC,0.58,5.59,3,0.31,5,,,,,,,,,,,,,,,,
200,25,10,200,H2_CC,0.9,5.59,2,0.15,5,,,,,,,,,,,,,,,,
200,25,10,250,H2_CC,0.9,5.59,2,0.15,5,,,,,,,,,,,,,,,,
200,25,35,75,H2_ORC,0.58,5.59,3,0.31,5,,,,,,,,,,,,,,,,
200,25,35,100,H2_ORC,0.58,5.59,3,0.31,5,,,,,,,,,,,,,,,,
200,25,35,150,H2_ORC,0.58,5.59,3,0.31,5,,,,,,,,,,,,,,,,
200,25,35,200,H2_CC,0.9,5.59,2,0.15,5,,,,,,,,,,,,,,,,
200,25,35,250,H2_CC,0.9,5.59,2,0.15,5,,,,,,,,,,,,,,,,
200,25,55,75,H2_ORC,0.58,5.59,3,0.31,5,,,,,,,,,,,,,,,,
200,25,55,100,H2_ORC,0.58,5.59,3,0.31,5,,,,,,,,,,,,,,,,
200,25,55,150,H2_ORC,0.58,5.59,3,0.31,5,,,,,,,,,,,,,,,,
200,25,55,200,H2_CC,0.9,5.59,2,0.15,5,,,,,,,,,,,,,,,,
200,25,55,250,H2_CC,0.9,5.59,2,0.15,5,,,,,,,,,,,,,,,,
200,25,75,75,H2_ORC,0.58,5.59,3,0.31,5,,,,,,,,,,,,,,,,
200,25,75,100,H2_ORC,0.58,5.59,3,0.31,5,,,,,,,,,,,,,,,,
200,25,75,150,H2_ORC,0.58,5.59,3,0.31,5,,,,,,,,,,,,,,,,
200,25,75,200,H2_CC,0.9,5.59,2,0.15,5,,,,,,,,,,,,,,,,
200,25,75,250,H2_CC,0.9,5.59,2,0.15,5,,,,,,,,,,,,,,,,
200,25,100,75,H2_ORC,0.58,5.59,3,0.31,5,,,,,,,,,,,,,,,,
200,25,100,100,H2_ORC,0.58,5.59,3,0.31,5,,,,,,,,,,,,,,,,
200,25,100,150,H2_ORC,0.58,5.59,3,0.31,5,,,,,,,,,,,,,,,,
200,25,100,200,H2_CC,0.9,5.59,2,0.15,5,,,,,,,,,,,,,,,,
200,25,100,250,H2_CC,0.9,5.59,2,0.15,5,,,,,,,,,,,,,,,,
200,50,10,75,NG_ORC,0.58,5.34,3,0.61,1,,,,,,,,,,,,,,,,
200,50,10,100,NG_ORC,0.58,5.34,3,0.61,1,,,,,,,,,,,,,,,,
200,50,10,150,NG_CC,1.07,6.27,2,0.22,1,,,,,,,,,,,,,,,,
200,50,10,200,NG_CC,1.07,6.27,2,0.22,1,,,,,,,,,,,,,,,,
200,50,10,250,NGOxy_ORC_CC,1.37,4.23,2,0.14,2,,,,,,,,,,,,,,,,
200,50,35,75,NG_ORC,0.58,5.34,3,0.61,1,,,,,,,,,,,,,,,,
200,50,35,100,H2_ORC,0.58,5.59,3,0.31,5,,,,,,,,,,,,,,,,
200,50,35,150,H2_ORC,0.58,5.59,3,0.31,5,,,,,,,,,,,,,,,,
200,50,35,200,H2_CC,0.9,5.59,2,0.15,5,,,,,,,,,,,,,,,,
200,50,35,250,H2_CC,0.9,5.59,2,0.15,5,,,,,,,,,,,,,,,,
200,50,55,75,H2_ORC,0.58,5.59,3,0.31,5,,,,,,,,,,,,,,,,
200,50,55,100,H2_ORC,0.58,5.59,3,0.31,5,,,,,,,,,,,,,,,,
200,50,55,150,H2_ORC,0.58,5.59,3,0.31,5,,,,,,,,,,,,,,,,
200,50,55,200,H2_CC,0.9,5.59,2,0.15,5,,,,,,,,,,,,,,,,
200,50,55,250,H2_CC,0.9,5.59,2,0.15,5,,,,,,,,,,,,,,,,
200,50,75,75,H2_ORC,0.58,5.59,3,0.31,5,,,,,,,,,,,,,,,,
200,50,75,100,H2_ORC,0.58,5.59,3,0.31,5,,,,,,,,,,,,,,,,
200,50,75,150,H2_ORC,0.58,5.59,3,0.31,5,,,,,,,,,,,,,,,,
200,50,75,200,H2_CC,0.9,5.59,2,0.15,5,,,,,,,,,,,,,,,,
200,50,75,250,H2_CC,0.9,5.59,2,0.15,5,,,,,,,,,,,,,,,,
200,50,100,75,H2_ORC,0.58,5.59,3,0.31,5,,,,,,,,,,,,,,,,
200,50,100,100,H2_ORC,0.58,5.59,3,0.31,5,,,,,,,,,,,,,,,,
200,50,100,150,H2_ORC,0.58,5.59,3,0.31,5,,,,,,,,,,,,,,,,
200,50,100,200,H2_CC,0.9,5.59,2,0.15,5,,,,,,,,,,,,,,,,
200,50,100,250,H2_CC,0.9,5.59,2,0.15,5,,,,,,,,,,,,,,,,
200,75,10,75,NG_ORC,0.58,5.34,3,0.61,1,,,,,,,,,,,,,,,,
200,75,10,100,NG_ORC,0.58,5.34,3,0.61,1,,,,,,,,,,,,,,,,
200,75,10,150,NG_CC,1.07,6.27,2,0.22,1,,,,,,,,,,,,,,,,
200,75,10,200,NG_CC,1.07,6.27,2,0.22,1,,,,,,,,,,,,,,,,
200,75,10,250,NGOxy_ORC_CC,1.37,4.23,2,0.14,2,,,,,,,,,,,,,,,,
200,75,35,75,NG_ORC,0.58,5.34,3,0.61,1,,,,,,,,,,,,,,,,
200,75,35,100,NG_ORC,0.58,5.34,3,0.61,1,,,,,,,,,,,,,,,,
200,75,35,150,NGOxy_ORC_CC,1.37,4.23,2,0.14,2,,,,,,,,,,,,,,,,
200,75,35,200,NGOxy_ORC_CC,1.37,4.23,2,0.14,2,,,,,,,,,,,,,,,,
200,75,35,250,NGOxy_ORC_CC,1.37,4.23,2,0.14,2,,,,,,,,,,,,,,,,
200,75,55,75,NGOxy_ORC,0.86,4.23,3,0.54,2,,,,,,,,,,,,,,,,
200,75,55,100,NGOxy_ORC,0.86,4.23,3,0.54,2,,,,,,,,,,,,,,,,
200,75,55,150,NGOxy_ORC_CC,1.37,4.23,2,0.14,2,,,,,,,,,,,,,,,,
200,75,55,200,NGOxy_ORC_CC,1.37,4.23,2,0.14,2,,,,,,,,,,,,,,,,
200,75,55,250,NGOxy_ORC_CC,1.37,4.23,2,0.14,2,,,,,,,,,,,,,,,,
200,75,75,75,H2_ORC,0.58,5.59,3,0.31,5,,,,,,,,,,,,,,,,
200,75,75,100,H2_ORC,0.58,5.59,3,0.31,5,,,,,,,,,,,,,,,,
200,75,75,150,H2_ORC,0.58,5.59,3,0.31,5,,,,,,,,,,,,,,,,
200,75,75,200,H2_CC,0.9,5.59,2,0.15,5,,,,,,,,,,,,,,,,
200,75,75,250,H2_CC,0.9,5.59,2,0.15,5,,,,,,,,,,,,,,,,
200,75,100,75,H2_ORC,0.58,5.59,3,0.31,5,,,,,,,,,,,,,,,,
200,75,100,100,H2_ORC,0.58,5.59,3,0.31,5,,,,,,,,,,,,,,,,
200,75,100,150,H2_ORC,0.58,5.59,3,0.31,5,,,,,,,,,,,,,,,,
200,75,100,200,H2_CC,0.9,5.59,2,0.15,5,,,,,,,,,,,,,,,,
200,75,100,250,H2_CC,0.9,5.59,2,0.15,5,,,,,,,,,,,,,,,,
200,100,10,75,NG_ORC,0.58,5.34,3,0.61,1,,,,,,,,,,,,,,,,
200,100,10,100,NG_ORC,0.58,5.34,3,0.61,1,,,,,,,,,,,,,,,,
200,100,10,150,NG_CC,1.07,6.27,2,0.22,1,,,,,,,,,,,,,,,,
200,100,10,200,NG_CC,1.07,6.27,2,0.22,1,,,,,,,,,,,,,,,,
200,100,10,250,NGOxy_ORC_CC,1.37,4.23,2,0.14,2,,,,,,,,,,,,,,,,
200,100,35,75,NG_ORC,0.58,5.34,3,0.61,1,,,,,,,,,,,,,,,,
200,100,35,100,NG_ORC,0.58,5.34,3,0.61,1,,,,,,,,,,,,,,,,
200,100,35,150,NGOxy_ORC_CC,1.37,4.23,2,0.14,2,,,,,,,,,,,,,,,,
200,100,35,200,NGOxy_ORC_CC,1.37,4.23,2,0.14,2,,,,,,,,,,,,,,,,
200,100,35,250,NGOxy_ORC_CC,1.37,4.23,2,0.14,2,,,,,,,,,,,,,,,,
200,100,55,75,NGOxy_ORC,0.86,4.23,3,0.54,2,,,,,,,,,,,,,,,,
200,100,55,100,NGOxy_ORC,0.86,4.23,3,0.54,2,,,,,,,,,,,,,,,,
200,100,55,150,NGOxy_ORC_CC,1.37,4.23,2,0.14,2,,,,,,,,,,,,,,,,
200,100,55,200,NGOxy_ORC_CC,1.37,4.23,2,0.14,2,,,,,,,,,,,,,,,,
200,100,55,250,NGOxy_ORC_CC,1.37,4.23,2,0.14,2,,,,,,,,,,,,,,,,
200,100,75,75,NGOxy_ORC,0.86,4.23,3,0.54,2,,,,,,,,,,,,,,,,
200,100,75,100,NGOxy_ORC,0.86,4.23,3,0.54,2,,,,,,,,,,,,,,,,
200,100,75,150,Hyb_ORC_CC,2.37,1.92,2,0.14,3,,,,,,,,,,,,,,,,
200,100,75,200,Hyb_ORC_CC,2.37,1.92,2,0.14,3,,,,,,,,,,,,,,,,
200,100,75,250,Hyb_ORC_CC,2.37,1.92,2,0.14,3,,,,,,,,,,,,,,,,
200,100,100,75,Hyb_ORC,2.01,1.92,3,0.41,3,,,,,,,,,,,,,,,,
200,100,100,100,Hyb_ORC,2.01,1.92,3,0.41,3,,,,,,,,,,,,,,,,
200,100,100,150,Hyb_ORC_CC,2.37,1.92,2,0.14,3,,,,,,,,,,,,,,,,
200,100,100,200,Hyb_ORC_CC,2.37,1.92,2,0.14,3,,,,,,,,,,,,,,,,
200,100,100,250,Hyb_ORC_CC,2.37,1.92,2,0.14,3,,,,,,,,,,,,,,,,
200,150,10,75,NG_ORC,0.58,5.34,3,0.61,1,,,,,,,,,,,,,,,,
200,150,10,100,NG_ORC,0.58,5.34,3,0.61,1,,,,,,,,,,,,,,,,
200,150,10,150,NG_CC,1.07,6.27,2,0.22,1,,,,,,,,,,,,,,,,
200,150,10,200,NG_CC,1.07,6.27,2,0.22,1,,,,,,,,,,,,,,,,
200,150,10,250,NGOxy_ORC_CC,1.37,4.23,2,0.14,2,,,,,,,,,,,,,,,,
200,150,35,75,NG_ORC,0.58,5.34,3,0.61,1,,,,,,,,,,,,,,,,
200,150,35,100,NG_ORC,0.58,5.34,3,0.61,1,,,,,,,,,,,,,,,,
200,150,35,150,NGOxy_ORC_CC,1.37,4.23,2,0.14,2,,,,,,,,,,,,,,,,
200,150,35,200,NGOxy_ORC_CC,1.37,4.23,2,0.14,2,,,,,,,,,,,,,,,,
200,150,35,250,NGOxy_ORC_CC,1.37,4.23,2,0.14,2,,,,,,,,,,,,,,,,
200,150,55,75,NGOxy_ORC,0.86,4.23,3,0.54,2,,,,,,,,,,,,,,,,
200,150,55,100,NGOxy_ORC,0.86,4.23,3,0.54,2,,,,,,,,,,,,,,,,
200,150,55,150,NGOxy_ORC_CC,1.37,4.23,2,0.14,2,,,,,,,,,,,,,,,,
200,150,55,200,NGOxy_ORC_CC,1.37,4.23,2,0.14,2,,,,,,,,,,,,,,,,
200,150,55,250,NGOxy_ORC_CC,1.37,4.23,2,0.14,2,,,,,,,,,,,,,,,,
200,150,75,75,NGOxy_ORC,0.86,4.23,3,0.54,2,,,,,,,,,,,,,,,,
200,150,75,100,NGOxy_ORC,0.86,4.23,3,0.54,2,,,,,,,,,,,,,,,,
200,150,75,150,Hyb_ORC_CC,2.37,1.92,2,0.14,3,,,,,,,,,,,,,,,,
200,150,75,200,Hyb_ORC_CC,2.37,1.92,2,0.14,3,,,,,,,,,,,,,,,,
200,150,75,250,Hyb_ORC_CC,2.37,1.92,2,0.14,3,,,,,,,,,,,,,,,,
200,150,100,75,Hyb_ORC,2.01,1.92,3,0.41,3,,,,,,,,,,,,,,,,
200,150,100,100,Hyb_ORC,2.01,1.92,3,0.41,3,,,,,,,,,,,,,,,,
200,150,100,150,Hyb_ORC_CC,2.37,1.92,2,0.14,3,,,,,,,,,,,,,,,,
200,150,100,200,Hyb_ORC_CC,2.37,1.92,2,0.14,3,,,,,,,,,,,,,,,,
200,150,100,250,Hyb_ORC_CC,2.37,1.92,2,0.14,3,,,,,,,,,,,,,,,,
200,200,10,75,NG_ORC,0.58,5.34,3,0.61,1,,,,,,,,,,,,,,,,
200,200,10,100,NG_ORC,0.58,5.34,3,0.61,1,,,,,,,,,,,,,,,,
200,200,10,150,NG_CC,1.07,6.27,2,0.22,1,,,,,,,,,,,,,,,,
200,200,10,200,NG_CC,1.07,6.27,2,0.22,1,,,,,,,,,,,,,,,,
200,200,10,250,NGOxy_ORC_CC,1.37,4.23,2,0.14,2,,,,,,,,,,,,,,,,
200,200,35,75,NG_ORC,0.58,5.34,3,0.61,1,,,,,,,,,,,,,,,,
200,200,35,100,NG_ORC,0.58,5.34,3,0.61,1,,,,,,,,,,,,,,,,
200,200,35,150,NGOxy_ORC_CC,1.37,4.23,2,0.14,2,,,,,,,,,,,,,,,,
200,200,35,200,NGOxy_ORC_CC,1.37,4.23,2,0.14,2,,,,,,,,,,,,,,,,
200,200,35,250,NGOxy_ORC_CC,1.37,4.23,2,0.14,2,,,,,,,,,,,,,,,,
200,200,55,75,NGOxy_ORC,0.86,4.23,3,0.54,2,,,,,,,,,,,,,,,,
200,200,55,100,NGOxy_ORC,0.86,4.23,3,0.54,2,,,,,,,,,,,,,,,,
200,200,55,150,NGOxy_ORC_CC,1.37,4.23,2,0.14,2,,,,,,,,,,,,,,,,
200,200,55,200,NGOxy_ORC_CC,1.37,4.23,2,0.14,2,,,,,,,,,,,,,,,,
200,200,55,250,NGOxy_ORC_CC,1.37,4.23,2,0.14,2,,,,,,,,,,,,,,,,
200,200,75,75,NGOxy_ORC,0.86,4.23,3,0.54,2,,,,,,,,,,,,,,,,
200,200,75,100,NGOxy_ORC,0.86,4.23,3,0.54,2,,,,,,,,,,,,,,,,
200,200,75,150,Hyb_ORC_CC,2.37,1.92,2,0.14,3,,,,,,,,,,,,,,,,
200,200,75,200,Hyb_ORC_CC,2.37,1.92,2,0.14,3,,,,,,,,,,,,,,,,
200,200,75,250,Hyb_ORC_CC,2.37,1.92,2,0.14,3,,,,,,,,,,,,,,,,
200,200,100,75,Hyb_ORC,2.01,1.92,3,0.41,3,,,,,,,,,,,,,,,,
200,200,100,100,Hyb_ORC,2.01,1.92,3,0.41,3,,,,,,,,,,,,,,,,
200,200,100,150,Hyb_ORC_CC,2.37,1.92,2,0.14,3,,,,,,,,,,,,,,,,
200,200,100,200,Hyb_ORC_CC,2.37,1.92,2,0.14,3,,,,,,,,,,,,,,,,
200,200,100,250,Hyb_ORC_CC,2.37,1.92,2,0.14,3,,,,,,,,,,,,,,,,
